rank,stadium,capacity,region,country,city,images,home_team,location
1,Rungrado 1st of May Stadium,114000,East Asia,North Korea,Pyongyang,https://upload.wikimedia.org/wikipedia/commons/thumb/8/81/Arirang_Mass_Games_12.JPG/150px-Arirang_Mass_Games_12.JPG,"Korea DPR national football team, Korea DPR women's national football team, April 25","[40.141826346, 127.16969192]"
2,Michigan Stadium,107601,North America,United States,"Ann Arbor, Michigan",https://upload.wikimedia.org/wikipedia/commons/thumb/3/36/Real_Madrid_vs._Manchester_United_August_2nd%2C_2014.jpg/150px-Real_Madrid_vs._Manchester_United_August_2nd%2C_2014.jpg,Michigan Wolverines football,"[42.264077, -83.749706]"
3,Ohio Stadium,102780,North America,United States,"Columbus, Ohio",https://upload.wikimedia.org/wikipedia/commons/thumb/f/fc/Panoramic_view_of_Ohio_Stadium.jpg/150px-Panoramic_view_of_Ohio_Stadium.jpg,Ohio State Buckeyes football,"[40.005216, -83.019107]"
4,Melbourne Cricket Ground,100024,Oceania,Australia,"Melbourne, Victoria",https://upload.wikimedia.org/wikipedia/commons/thumb/b/b4/MCG_Panorama_24_July_2015.jpg/150px-MCG_Panorama_24_July_2015.jpg,"Australia national cricket team, Victoria cricket team, Melbourne Cricket Club, Melbourne Stars, Melbourne FC, Richmond FC, Collingwood FC, Hawthorn FC","[-37.8208306, 144.9843376]"
5,Camp Nou,99354,Europe,Spain,"Barcelona, Catalonia",https://upload.wikimedia.org/wikipedia/commons/thumb/0/0e/Camp_Nou_Experience_%28_Ank_Kumar%2C_INFOSYS_Limited_%29_07.jpg/150px-Camp_Nou_Experience_%28_Ank_Kumar%2C_INFOSYS_Limited_%29_07.jpg,FC Barcelona,"[41.3813324, 2.1214261]"
6,Estadio Azteca,95500,North America,Mexico,Mexico City,https://upload.wikimedia.org/wikipedia/commons/thumb/c/ca/Panor%C3%A1mica_esquina_noreste.jpg/150px-Panor%C3%A1mica_esquina_noreste.jpg,"Club América, Cruz Azul, Mexico national football team","[19.3017955, -99.1507105]"
7,FNB Stadium,94736,Africa,South Africa,"Johannesburg, Gauteng",https://upload.wikimedia.org/wikipedia/commons/thumb/c/c0/First_game_of_the_2010_FIFA_World_Cup%2C_South_Africa_vs_Mexico.jpg/150px-First_game_of_the_2010_FIFA_World_Cup%2C_South_Africa_vs_Mexico.jpg,"South Africa national football team, Kaizer Chiefs","[-26.2348, 27.9827]"
8,New Administrative Capital Stadium,93940,Africa,Egypt,New Administrative Capital,https://upload.wikimedia.org/wikipedia/commons/thumb/e/e0/The_New_administrative_stadium_of_Egypt.jpg/150px-The_New_administrative_stadium_of_Egypt.jpg,Egypt national football team,"[30.0239178, 31.7549334]"
9,Rose Bowl Stadium,92800,North America,United States,"Pasadena, California",https://upload.wikimedia.org/wikipedia/commons/thumb/d/d2/Rose_Bowl%2C_panorama.jpg/150px-Rose_Bowl%2C_panorama.jpg,UCLA Bruins,"[34.16242, -118.16787]"
10,Cotton Bowl Stadium,92100,North America,United States,"Dallas, Texas",https://upload.wikimedia.org/wikipedia/commons/thumb/5/52/2019_State_Fair_Classic_01_%28Cotton_Bowl%29.jpg/150px-2019_State_Fair_Classic_01_%28Cotton_Bowl%29.jpg,Dallas Trinity FC,"[32.77985, -96.75944]"
11,Wembley Stadium,90000,Europe,England,"London, England",https://upload.wikimedia.org/wikipedia/commons/thumb/b/bb/Post_L2_Play-Off_Final.jpg/150px-Post_L2_Play-Off_Final.jpg,England national football team,"[51.555466, -0.279749]"
12,Lusail Stadium,88966,West Asia,Qatar,Lusail,https://upload.wikimedia.org/wikipedia/en/thumb/a/a3/Lusail_Stadium.jpg/150px-Lusail_Stadium.jpg,Qatar national football team,"[25.4210159, 51.4913956]"
13,Bukit Jalil National Stadium,87411,Southeast Asia,Malaysia,Kuala Lumpur,https://upload.wikimedia.org/wikipedia/commons/thumb/a/a1/National_Stadium_Bukit_Jalil_2018_AFF_Suzuki_Cup_final.png/150px-National_Stadium_Bukit_Jalil_2018_AFF_Suzuki_Cup_final.png,Malaysia national football team,"[3.0546735, 101.6912399]"
14,Borg el-Arab Stadium,86000,Africa,Egypt,Alexandria,https://upload.wikimedia.org/wikipedia/commons/thumb/1/1a/Borg_el_arab_stadium.jpg/150px-Borg_el_arab_stadium.jpg,"Egypt national football team, Al Ittihad, Smouha","[30.9995782, 29.7293881]"
15,Estadio Santiago Bernabéu,85000,Europe,Spain,Madrid,https://upload.wikimedia.org/wikipedia/commons/thumb/0/0e/Estadio_Santiago_Bernab%C3%A9u_Madrid.jpg/150px-Estadio_Santiago_Bernab%C3%A9u_Madrid.jpg,Real Madrid,"[40.4521084, -3.6884956]"
16,Estadio Mâs Monumental,84567,South America,Argentina,Buenos Aires,https://upload.wikimedia.org/wikipedia/commons/thumb/c/c8/Estadio_Monumental.jpg/150px-Estadio_Monumental.jpg,"Argentina national football team, River Plate","[-34.6514, -58.4161]"
17,Stadium Australia,83500,Oceania,Australia,"Sydney, New South Wales",https://upload.wikimedia.org/wikipedia/commons/thumb/f/f7/State_of_Origin_Game_II_2018.jpg/150px-State_of_Origin_Game_II_2018.jpg,"South Sydney Rabbitohs, Canterbury-Bankstown Bulldogs, New South Wales Blues, New South Wales Waratahs, Australia men's national soccer team, Australia national rugby union team","[-33.8469834, 151.0620864]"
18,MetLife Stadium,82500,North America,United States,"East Rutherford, New Jersey",https://upload.wikimedia.org/wikipedia/commons/thumb/5/54/Copa_America_game_between_Columbia_vs_Peru_at_the_MetLife_Stadium.jpg/150px-Copa_America_game_between_Columbia_vs_Peru_at_the_MetLife_Stadium.jpg,"New York Giants, New York Jets, United States men's national soccer team","[40.813756, -74.0730639]"
19,Croke Park,82300,Europe,Ireland,Dublin,https://upload.wikimedia.org/wikipedia/commons/thumb/9/91/Croke_park_all_ireland.jpg/150px-Croke_park_all_ireland.jpg,"Gaelic Athletic Association, Dublin GAA","[53.3607, -6.25138]"
20,Jakarta International Stadium,82000,Southeast Asia,Indonesia,Jakarta,https://upload.wikimedia.org/wikipedia/commons/thumb/b/b2/Jakarta_International_Stadium_interior.jpg/150px-Jakarta_International_Stadium_interior.jpg,"Persija Jakarta, Indonesia national football team","[-6.125324, 106.86007]"
21,Lambeau Field,81441,North America,United States,"Green Bay, Wisconsin",https://upload.wikimedia.org/wikipedia/commons/thumb/2/27/Lambeau_Field_bowl.jpg/150px-Lambeau_Field_bowl.jpg,Green Bay Packers,"[44.5003884, -88.0612618]"
22,Signal Iduna Park,81365,Europe,Germany,Dortmund,https://upload.wikimedia.org/wikipedia/commons/thumb/3/38/Signal_iduna_park.jpg/150px-Signal_iduna_park.jpg,Borussia Dortmund,"[51.4926173, 7.4518546]"
23,Stade de France,81338,Europe,France,Saint-Denis,https://upload.wikimedia.org/wikipedia/commons/thumb/5/53/StadeFranceNationsLeague2018.jpg/150px-StadeFranceNationsLeague2018.jpg,France national football team,"[49.494487, 5.915973]"
24,Grand Sports Arena of the Luzhniki Olympic Complex,81000,Europe,Russia,Moscow,https://upload.wikimedia.org/wikipedia/commons/thumb/3/3c/Luzhniki_Stadium2.jpg/150px-Luzhniki_Stadium2.jpg,,"[55.71599, 37.55376]"
25,Shah Alam Stadium,80372,Southeast Asia,Malaysia,"Shah Alam, Selangor",https://upload.wikimedia.org/wikipedia/commons/thumb/9/99/Shah_Alam_Stadium_%28inside%29.jpg/150px-Shah_Alam_Stadium_%28inside%29.jpg,Selangor FA,"[3.0811814, 101.5442862]"
26,Estadio Monumental,80093,South America,Peru,Lima,https://upload.wikimedia.org/wikipedia/commons/thumb/f/f1/EstadioUniversitario.jpg/150px-EstadioUniversitario.jpg,Club Universitario de Deportes,"[-11.7846769, -75.4872501]"
27,Stadio Giuseppe Meazza,80018,Europe,Italy,"Milan, Lombardy",https://upload.wikimedia.org/wikipedia/commons/thumb/a/a3/Stadio_Giuseppe_Meazza%2C_San_Siro%2C_Milan_%283326869632%29.jpg/150px-Stadio_Giuseppe_Meazza%2C_San_Siro%2C_Milan_%283326869632%29.jpg,AC Milan and Internazionale,"[45.475925, 9.128359]"
28,Guangdong Olympic Stadium,80012,East Asia,China,"Guangzhou, Guangdong",https://upload.wikimedia.org/wikipedia/commons/thumb/f/f7/Stade_Olympique_Guangdong.JPG/150px-Stade_Olympique_Guangdong.JPG,,"[29.1488, 106.21889]"
29,Hangzhou Olympic Sports Expo Centre Stadium,80000,East Asia,China,"Hangzhou, Zhejiang",https://upload.wikimedia.org/wikipedia/commons/thumb/4/4c/Hangzhou_Olympic_Sports_Center_Stadium2021.jpg/150px-Hangzhou_Olympic_Sports_Center_Stadium2021.jpg,,"[36.567348398, 103.930027033]"
30,AT&T Stadium,80000,North America,United States,"Arlington, Texas",https://upload.wikimedia.org/wikipedia/commons/thumb/5/52/Cowboys_Stadium_full_view.jpg/150px-Cowboys_Stadium_full_view.jpg,"Dallas Cowboys, FC Dallas","[32.747337, -97.09462]"
31,Stade des Martyrs,80000,Africa,DR Congo,Kinshasa,https://upload.wikimedia.org/wikipedia/commons/thumb/d/d3/Stade_des_martyrs_0332_Kinshasa_%288756673901%29.jpg/150px-Stade_des_martyrs_0332_Kinshasa_%288756673901%29.jpg,Congo DR national football team,"[-4.3314086, 15.3123369]"
32,Stade Tata Raphaël,80000,Africa,DR Congo,Kinshasa,https://upload.wikimedia.org/wikipedia/commons/thumb/0/0a/No-image-available.png/480px-No-image-available.png,"AS Vita Club, DC Motema Pembe","[-4.3382, 15.32241]"
33,National Sports Stadium,80000,Africa,Zimbabwe,Harare,https://upload.wikimedia.org/wikipedia/commons/thumb/0/0a/No-image-available.png/480px-No-image-available.png,Zimbabwe national football team,"[-17.8204856, 30.9940489]"
34,Moi International Sports Centre,80000,Africa,Kenya,Nairobi,https://upload.wikimedia.org/wikipedia/commons/thumb/9/9c/Inside_the_Kasarani_Stadium.jpg/150px-Inside_the_Kasarani_Stadium.jpg,Kenya national football team,"[-1.22728, 36.90548]"
35,Beijing National Stadium,80000,East Asia,China,Beijing,https://upload.wikimedia.org/wikipedia/commons/thumb/5/51/Beijing_National_Stadium_2014_2.jpg/150px-Beijing_National_Stadium_2014_2.jpg,,"[39.99142, 116.39005]"
36,Stade Léopold Sédar Senghor,80000,Africa,Senegal,Dakar,https://upload.wikimedia.org/wikipedia/commons/thumb/8/8f/Senegal_1_-_Cameroon_0_-_Stade_L%C3%A9opold_S%C3%A9dar_Senghor.jpg/150px-Senegal_1_-_Cameroon_0_-_Stade_L%C3%A9opold_S%C3%A9dar_Senghor.jpg,"Senegal national football team, ASC Jeanne d'Arc","[14.7467041, -17.4536133]"
37,Maracanã,78838,South America,Brazil,"Rio de Janeiro, Rio de Janeiro",https://upload.wikimedia.org/wikipedia/commons/thumb/f/fe/Bosnia_players_at_Maracan%C3%A3_15_June_2014.jpg/150px-Bosnia_players_at_Maracan%C3%A3_15_June_2014.jpg,"CR Flamengo, Fluminense FC, Botafogo FR, CR Vasco da Gama","[-0.762908, -47.4577118]"
38,Los Angeles Memorial Coliseum,78467,North America,United States,"Los Angeles, California",https://upload.wikimedia.org/wikipedia/commons/thumb/2/25/USC_vs_University_of_Oregon_November_2019.png/150px-USC_vs_University_of_Oregon_November_2019.png,USC Trojans,"[34.014014, -118.283278]"
39,Azadi Stadium,78116,West Asia,Iran,Tehran,https://upload.wikimedia.org/wikipedia/commons/thumb/7/78/Azadi_Stadium_%287%29.jpg/150px-Azadi_Stadium_%287%29.jpg,"Iran national football team, Esteghlal FC, Persepolis FC","[36.84072, 54.43701]"
40,Stadion Utama Gelora Bung Karno,77193,Southeast Asia,Indonesia,Jakarta,https://upload.wikimedia.org/wikipedia/commons/thumb/2/29/Gbk_persija_arema_20190803.jpg/150px-Gbk_persija_arema_20190803.jpg,"Indonesia national football team,","[-0.0348254, 109.3463382]"
41,Caesar's Superdome,76468,North America,United States,"New Orleans, Louisiana",https://upload.wikimedia.org/wikipedia/commons/thumb/a/a1/The_Dome_New_Orleans_Man_Trip.jpg/150px-The_Dome_New_Orleans_Man_Trip.jpg,"New Orleans Saints, Sugar Bowl","[29.9515066, -90.0821665]"
42,Arrowhead Stadium,76412,North America,United States,"Kansas City, Missouri",https://upload.wikimedia.org/wikipedia/commons/thumb/1/10/25_July_2010_Kansas_City_Wizards_vs_Manchester_United_friendly.jpg/150px-25_July_2010_Kansas_City_Wizards_vs_Manchester_United_friendly.jpg,Kansas City Chiefs,"[41.152142, -80.690799]"
43,Empower Field,76125,North America,United States,Denver,https://upload.wikimedia.org/wikipedia/commons/thumb/4/49/SAF_at_Mile_High_AFC_Championship_game_pom-poms.jpg/150px-SAF_at_Mile_High_AFC_Championship_game_pom-poms.jpg,Denver Broncos,"[39.7439253, -105.0186274]"
44,Atatürk Olimpiyat Stadyumu,76092,Europe,Turkey,Istanbul,https://upload.wikimedia.org/wikipedia/commons/thumb/6/68/Istanbul_Atat%C3%BCrk_Olympic_Stadium_2.jpg/150px-Istanbul_Atat%C3%BCrk_Olympic_Stadium_2.jpg,,"[41.0189867, 28.6310769]"
45,Old Trafford,76000,Europe,England,"Manchester, North West England",https://upload.wikimedia.org/wikipedia/commons/thumb/b/bd/Manchester_United_old_trafford_Ank_Kumar_01.jpg/150px-Manchester_United_old_trafford_Ank_Kumar_01.jpg,Manchester United,"[53.4612182, -2.2695442]"
46,Allianz Arena,75024,Europe,Germany,Munich,https://upload.wikimedia.org/wikipedia/commons/thumb/d/dc/Allianz_Arena_%28Bayern_Munich%29.jpg/150px-Allianz_Arena_%28Bayern_Munich%29.jpg,FC Bayern Munich,"[48.2187563, 11.6247319]"
47,Naghsh-e-Jahan Stadium,75000,West Asia,Iran,Isfahan,https://upload.wikimedia.org/wikipedia/commons/thumb/4/4f/Naghsh_Jahan_Stadium.jpg/150px-Naghsh_Jahan_Stadium.jpg,Sepahan FC,"[36.94536, 57.85479]"
48,Bank of America Stadium,74867,North America,United States,"Charlotte, North Carolina",https://upload.wikimedia.org/wikipedia/commons/thumb/8/85/Bank_of_America_Stadium_soccer.jpg/150px-Bank_of_America_Stadium_soccer.jpg,"Charlotte FC, Carolina Panthers","[35.2248779, -80.8519233]"
49,Principality Stadium,74500,Europe,Wales,Cardiff,https://upload.wikimedia.org/wikipedia/commons/thumb/e/e6/Millennium_Stadium_-_Glanmor%E2%80%99s_Gap.jpg/150px-Millennium_Stadium_-_Glanmor%E2%80%99s_Gap.jpg,Wales national rugby union team,"[51.478186, -3.182718]"
50,Olympiastadion,74475,Europe,Germany,Berlin,https://upload.wikimedia.org/wikipedia/commons/thumb/5/52/Berlin_Olympiastadion_nach_Umbau.jpg/150px-Berlin_Olympiastadion_nach_Umbau.jpg,Hertha BSC,"[48.17171, 11.54648]"
51,Cairo International Stadium,74100,Africa,Egypt,Cairo,https://upload.wikimedia.org/wikipedia/commons/thumb/b/bc/Cairo_Stadium_Afcon_u23_2019.jpg/150px-Cairo_Stadium_Afcon_u23_2019.jpg,"Egypt national football team, Al Ahly, Zamalek","[30.0688721, 31.3112579]"
52,FirstEnergy Stadium,73200,North America,United States,Cleveland,https://upload.wikimedia.org/wikipedia/commons/thumb/f/f1/FirstEnergy_Stadium_panorama_2016.jpg/150px-FirstEnergy_Stadium_panorama_2016.jpg,Cleveland Browns,"[41.5048656, -81.7004336]"
53,Estádio Nacional Mané Garrincha,72788,South America,Brazil,"Brasília, Distrito Federal",https://upload.wikimedia.org/wikipedia/commons/thumb/d/da/Est%C3%A1dio_Nacional_Bras%C3%ADlia.jpg/150px-Est%C3%A1dio_Nacional_Bras%C3%ADlia.jpg,"Brasília FC, Legião FC","[-25.7117, -52.9225]"
54,Stadio Olimpico,72698,Europe,Italy,"Rome, Lazio",https://upload.wikimedia.org/wikipedia/commons/thumb/6/64/The_Stadio_Olimpico_during_a_match_between_AS_Roma_and_Sampdoria.jpg/150px-The_Stadio_Olimpico_during_a_match_between_AS_Roma_and_Sampdoria.jpg,"AS Roma, Lazio","[42.7083003, 13.8781925]"
55,Nissan Stadium,72327,East Asia,Japan,"Yokohama, Kanagawa",https://upload.wikimedia.org/wikipedia/commons/thumb/9/91/International_Stadium_Yokohama-1.jpg/150px-International_Stadium_Yokohama-1.jpg,"Yokohama F. Marinos, Yokohama Eagles","[35.510054843, 139.606363752]"
56,NRG Stadium,72220,North America,United States,"Houston, Texas",https://upload.wikimedia.org/wikipedia/commons/thumb/d/dc/The_Texans_at_Reliant_Park_1_Jan_2012.jpg/150px-The_Texans_at_Reliant_Park_1_Jan_2012.jpg,"Houston Texans, Houston Dynamo FC","[29.6860598, -95.4108751]"
57,Shanghai Stadium,72000,East Asia,China,Shanghai,https://upload.wikimedia.org/wikipedia/commons/thumb/d/de/Shanghai_Stadium_2008.JPG/150px-Shanghai_Stadium_2008.JPG,Shanghai Shenhua,"[31.18563, 121.44211]"
58,M&T Bank Stadium,71008,North America,United States,Baltimore,https://upload.wikimedia.org/wikipedia/commons/thumb/9/92/M%26T_Bank_Stadium_USA_soccer.JPG/150px-M%26T_Bank_Stadium_USA_soccer.JPG,Baltimore Ravens,"[39.276905, -76.6227764]"
59,Mercedes-Benz Stadium,71000,North America,United States,"Atlanta, Georgia",https://upload.wikimedia.org/wikipedia/commons/thumb/f/f2/Mercedes_Benz_Stadium_interior_2017-08-25_1.jpg/150px-Mercedes_Benz_Stadium_interior_2017-08-25_1.jpg,"Atlanta United FC, Atlanta Falcons","[33.7545926, -84.4017807]"
60,Riyadh Air Metropolitano,70692,Europe,Spain,Madrid,https://upload.wikimedia.org/wikipedia/commons/thumb/0/05/Wanda-Metropolitano.jpg/150px-Wanda-Metropolitano.jpg,Atlético de Madrid,"[37.7836, -3.8267]"
61,Olympic National Sports Complex Stadium,70000,Europe,Ukraine,Kyiv,https://upload.wikimedia.org/wikipedia/commons/thumb/0/0d/Kyiv_NSC_Olimpiyskyi_5.jpg/150px-Kyiv_NSC_Olimpiyskyi_5.jpg,"Ukraine national football team, FC Dynamo Kyiv","[50.433407, 30.521851]"
62,SoFi Stadium,70000,North America,United States,"Inglewood, California",https://upload.wikimedia.org/wikipedia/commons/thumb/b/b0/SoFi_Stadium_interior_2021.jpg/150px-SoFi_Stadium_interior_2021.jpg,,"[33.9618556, -118.3562395]"
63,Seoul Olympic Stadium,69950,East Asia,South Korea,Seoul,https://upload.wikimedia.org/wikipedia/commons/thumb/e/e5/%E8%9A%95%E5%AE%A4_03.jpg/150px-%E8%9A%95%E5%AE%A4_03.jpg,,"[37.566, 126.9784]"
64,Bakı Olimpiya stadionu,69870,West Asia,Azerbaijan,Baku,https://upload.wikimedia.org/wikipedia/en/thumb/0/0d/Baku_National_Stadium.jpg/150px-Baku_National_Stadium.jpg,Azerbaijan national football team,"[40.399426033, 49.8554729486]"
65,Olympic Stadium,69618,Europe,Greece,"Marousi, Attica",https://upload.wikimedia.org/wikipedia/en/thumb/d/d6/Olympic_Stadium_at_Athens_before_a_home_game_of_Panathinaikos_on_February_2%2C_2013.jpg/150px-Olympic_Stadium_at_Athens_before_a_home_game_of_Panathinaikos_on_February_2%2C_2013.jpg,Greece national football team,"[37.97142, 23.74806]"
66,Olympiastadion München,69250,Europe,Germany,Munich,https://upload.wikimedia.org/wikipedia/commons/thumb/3/35/M%C3%BCnchener_Olympiastadion.jpg/150px-M%C3%BCnchener_Olympiastadion.jpg,,"[48.1731473, 11.546512]"
67,Lumen Field,69000,North America,United States,"Seattle, Washington",https://upload.wikimedia.org/wikipedia/commons/thumb/5/53/Qwest_Field_North.jpg/150px-Qwest_Field_North.jpg,"Seattle Sounders FC, Seattle Seahawks","[47.5949722, -122.3315183]"
68,Estadio Olímpico Universitario,68954,North America,Mexico,Mexico City,https://upload.wikimedia.org/wikipedia/commons/thumb/f/f2/Estadio_Pumas.jpg/150px-Estadio_Pumas.jpg,UNAM Pumas,"[28.713347, -106.14474]"
69,Gillette Stadium,68756,North America,United States,"Foxborough, Massachusetts",https://upload.wikimedia.org/wikipedia/commons/thumb/8/8c/Stadiumguillete_%28cropped%29.jpg/150px-Stadiumguillete_%28cropped%29.jpg,"New England Patriots, New England Revolution","[42.0909483, -71.2643566]"
70,King Abdullah Sports City Stadium,68560,West Asia,Saudi Arabia,Jeddah,https://upload.wikimedia.org/wikipedia/commons/thumb/6/68/Jawhara_Stadium.jpg/150px-Jawhara_Stadium.jpg,"Saudi Arabia national football team, Al-Ahli Saudi FC, Al-Ittihad Saudi Club","[21.762957, 39.163141]"
71,Lincoln Financial Field,68532,North America,United States,Philadelphia,https://upload.wikimedia.org/wikipedia/commons/thumb/3/36/USA-Turkey-Linc.jpg/150px-USA-Turkey-Linc.jpg,"Philadelphia Eagles, Temple Owls football","[39.9016987, -75.1676255]"
72,Levi's Stadium,68500,North America,United States,"Santa Clara, California",https://upload.wikimedia.org/wikipedia/commons/thumb/0/00/Entering_Levi%27s_Stadium.JPG/150px-Entering_Levi%27s_Stadium.JPG,San Francisco 49ers,"[37.4033062, -121.9700331]"
73,Acrisure Stadium,68400,North America,United States,Pittsburgh,https://upload.wikimedia.org/wikipedia/commons/thumb/2/23/Heinz_Field_NHL_Winter_Classic.jpg/150px-Heinz_Field_NHL_Winter_Classic.jpg,"Pittsburgh Steelers, Pittsburgh Panthers football","[40.4458496, -80.0152223]"
74,Gazprom Arena,68134,Europe,Russia,Saint Petersburg,https://upload.wikimedia.org/wikipedia/commons/thumb/1/1c/Fina-l2017.jpg/150px-Fina-l2017.jpg,FC Zenit Saint Petersburg,"[59.972813, 30.220482]"
75,Salt Lake Stadium,68000,South Asia,India,Kolkata,https://upload.wikimedia.org/wikipedia/commons/thumb/5/5f/Salt_Lake_Stadium_during_FIFA_U17_World_Cup_2017_....jpg/150px-Salt_Lake_Stadium_during_FIFA_U17_World_Cup_2017_....jpg,"India national football team, Mohun Bagan Super Giant, East Bengal FC, Mohammedan SC","[22.5682051, 88.4089797]"
76,National Stadium,68000,East Asia,Japan,Tokyo,https://upload.wikimedia.org/wikipedia/commons/thumb/7/7c/Drones_durante_a_abertura_das_Olimp%C3%ADadas_de_T%C3%B3quio.jpg/150px-Drones_durante_a_abertura_das_Olimp%C3%ADadas_de_T%C3%B3quio.jpg,,"[35.677893537, 139.714529797]"
77,TIAA Bank Field,67814,North America,United States,"Jacksonville, Florida",https://upload.wikimedia.org/wikipedia/commons/thumb/3/36/2009_Gator_Bowl.jpg/150px-2009_Gator_Bowl.jpg,Jacksonville Jaguars,"[30.324, -81.636917]"
78,Orange Vélodrome,67394,Europe,France,Marseille,https://upload.wikimedia.org/wikipedia/commons/thumb/8/85/Stade_V%C3%A9lodrome_1.jpg/150px-Stade_V%C3%A9lodrome_1.jpg,Olympique de Marseille,"[43.269881, 5.395895]"
79,Puskás Aréna,67215,Europe,Hungary,Budapest,https://upload.wikimedia.org/wikipedia/commons/thumb/3/3a/Pusk%C3%A1s_Ar%C3%A9na_01.jpg/150px-Pusk%C3%A1s_Ar%C3%A9na_01.jpg,Hungary national football team,"[47.5030241, 19.0978681]"
80,Scottish Gas Murrayfield Stadium,67144,Europe,Scotland,Edinburgh,https://upload.wikimedia.org/wikipedia/commons/thumb/a/a1/Murrayfield_Stadium_-_geograph.org.uk_-_1246737.jpg/150px-Murrayfield_Stadium_-_geograph.org.uk_-_1246737.jpg,Scotland national rugby union team,"[55.9417, -3.24137]"
81,Lucas Oil Stadium,67000,North America,United States,"Indianapolis, Indiana",https://upload.wikimedia.org/wikipedia/commons/thumb/8/89/LucasOilStadiumTheLuke.jpg/150px-LucasOilStadiumTheLuke.jpg,Indianapolis Colts,"[39.7610486, -86.1632109]"
82,MorumBIS,66975,South America,Brazil,"São Paulo, São Paulo",https://upload.wikimedia.org/wikipedia/commons/thumb/1/13/Estadio_Morumbi_2014.jpg/150px-Estadio_Morumbi_2014.jpg,São Paulo FC,"[-16.7993028, -49.1385556]"
83,The Dome,66965,North America,United States,St. Louis,https://upload.wikimedia.org/wikipedia/commons/thumb/b/bd/2005_NCAA_North_Carolina_v_Michigan_State.JPG/150px-2005_NCAA_North_Carolina_v_Michigan_State.JPG,St. Louis BattleHawks,"[61.1624457, -149.9030402]"
84,Yadegar-e-Emam Stadium,66833,West Asia,Iran,Tabriz,https://upload.wikimedia.org/wikipedia/commons/thumb/1/12/Yadegar_Emam_stadium_at_night_-_panoramio.jpg/150px-Yadegar_Emam_stadium_at_night_-_panoramio.jpg,Tractor Sazi FC,"[34.03138, 48.17811]"
85,Seoul World Cup Stadium,66704,East Asia,South Korea,Seoul,https://upload.wikimedia.org/wikipedia/commons/thumb/b/b8/AFC_Champions_League_Final_1st_leg.jpg/150px-AFC_Champions_League_Final_1st_leg.jpg,FC Seoul,"[37.566, 126.9784]"
86,US Bank Stadium,66655,North America,United States,Minneapolis,https://upload.wikimedia.org/wikipedia/commons/thumb/6/6a/Looking_South-US_Bank_Stadium.jpg/150px-Looking_South-US_Bank_Stadium.jpg,Minnesota Vikings,"[44.97354, -93.25751]"
87,Daegu Stadium,66422,East Asia,South Korea,Daegu,https://upload.wikimedia.org/wikipedia/commons/thumb/d/da/Daegu.Stadium.original.2167.jpg/150px-Daegu.Stadium.original.2167.jpg,Daegu FC,"[35.87028, 128.59111]"
88,Workers' Stadium,66161,East Asia,China,Beijing,https://upload.wikimedia.org/wikipedia/commons/thumb/5/58/New_Workers%27_Stadium_under_construction_%2820221025141129%29.jpg/150px-New_Workers%27_Stadium_under_construction_%2820221025141129%29.jpg,"Beijing Guoan, China national football team","[27.3335306, 128.57373844]"
89,London Stadium,66000,Europe,England,London,https://upload.wikimedia.org/wikipedia/commons/thumb/b/b1/London_Stadium_panorama_picture.jpg/150px-London_Stadium_panorama_picture.jpg,West Ham United,"[51.538799, -0.016495]"
90,Raymond James Stadium,65847,North America,United States,"Tampa, Florida",https://upload.wikimedia.org/wikipedia/commons/thumb/9/9d/RaymondJamesStadium2022.jpg/150px-RaymondJamesStadium2022.jpg,"Tampa Bay Buccaneers, South Florida Bulls football, Tampa Bay Vipers","[27.9778197, -82.503401]"
91,Hard Rock Stadium,65326,North America,United States,"Miami Gardens, Florida",https://upload.wikimedia.org/wikipedia/commons/thumb/9/99/Interior_of_updated_Hard_Rock_Stadium.jpg/150px-Interior_of_updated_Hard_Rock_Stadium.jpg,"Miami Dolphins, Miami Hurricanes football","[25.9578709, -80.2387733]"
92,Olympic Stadium,65255,North America,Canada,"Montreal, Quebec",https://upload.wikimedia.org/wikipedia/commons/thumb/f/fc/Montreal_Impact_CONCACAF_FINAL.jpg/150px-Montreal_Impact_CONCACAF_FINAL.jpg,CF Montréal,"[45.55785, -73.55164]"
93,Basra International Stadium,65227,West Asia,Iraq,Basra,https://upload.wikimedia.org/wikipedia/commons/thumb/6/62/Basra_International_Stadium_Opening_2.JPG/150px-Basra_International_Stadium_Opening_2.JPG,Iraq national football team,"[33.324921, 44.435516]"
94,Camping World Stadium,65000,North America,United States,"Orlando, Florida",https://upload.wikimedia.org/wikipedia/commons/thumb/4/4c/Citrus_Bowl%2C_Construction_progress.jpg/150px-Citrus_Bowl%2C_Construction_progress.jpg,,"[28.5376133, -81.4027347]"
95,Alamodome,65000,North America,United States,San Antonio,https://upload.wikimedia.org/wikipedia/commons/thumb/0/0d/Alamodome_Conference_USA_Championship.jpg/150px-Alamodome_Conference_USA_Championship.jpg,UTSA Roadrunners football,"[29.4158224, -98.4788855]"
96,Ford Field,65000,North America,United States,Detroit,https://upload.wikimedia.org/wikipedia/commons/thumb/b/b3/FordField-2008NCAAtournament-MidwestRegional.jpg/150px-FordField-2008NCAAtournament-MidwestRegional.jpg,Detroit Lions,"[42.3387522, -83.046304]"
97,Stade Ibn Battuta,65000,Africa,Morocco,Tangier,https://upload.wikimedia.org/wikipedia/commons/thumb/9/93/Stade_Ibn_Batuta%2C_Tanger.jpg/150px-Stade_Ibn_Batuta%2C_Tanger.jpg,IR Tanger,"[35.76713, -5.82713]"
98,Estádio do Sport Lisboa e Benfica,64642,Europe,Portugal,Lisbon,https://upload.wikimedia.org/wikipedia/commons/thumb/1/1b/LuzLissabon.jpg/150px-LuzLissabon.jpg,Benfica,"[38.753044, -9.183195]"
99,Stade du 5-juillet-1962,64000,Africa,Algeria,Algiers,https://upload.wikimedia.org/wikipedia/commons/thumb/a/a0/Stade_5_Juillet_1962.jpg/150px-Stade_5_Juillet_1962.jpg,Algeria national football team,"[36.7593064, 2.9941509]"
100,Castelão,63903,South America,Brazil,"Fortaleza, Ceará",https://upload.wikimedia.org/wikipedia/commons/thumb/e/ec/Castel%C3%A3o_Arena_%285%29.jpg/150px-Castel%C3%A3o_Arena_%285%29.jpg,"Ceará SC, Fortaleza EC","[-3.7939853, -38.5166779]"
101,Saitama Stadium 2002,63700,East Asia,Japan,Saitama,https://upload.wikimedia.org/wikipedia/commons/thumb/6/60/Saitama_Stadium_Panorama.jpg/150px-Saitama_Stadium_Panorama.jpg,"Urawa Red Diamonds, Saitama Wild Knights","[35.903056445, 139.717673165]"
102,Ellis Park Stadium,62567,Africa,South Africa,"Johannesburg, Gauteng",https://upload.wikimedia.org/wikipedia/commons/thumb/b/bc/Warm-ups_at_Brazil_%26_North_Korea_match_at_FIFA_World_Cup_2010-06-15_1.jpg/150px-Warm-ups_at_Brazil_%26_North_Korea_match_at_FIFA_World_Cup_2010-06-15_1.jpg,"Orlando Pirates FC, Emirates Johannesburg Lions","[-26.19773, 28.06203]"
103,Tottenham Hotspur Stadium,62303,Europe,England,London,https://upload.wikimedia.org/wikipedia/commons/thumb/8/8c/Spurs_stadium_January_2020.jpg/150px-Spurs_stadium_January_2020.jpg,Tottenham Hotspur,"[51.6041837, -0.0661199]"
104,VELTINS-Arena,62271,Europe,Germany,Gelsenkirchen,https://upload.wikimedia.org/wikipedia/commons/thumb/d/d2/080110_schalke_arena_germany.JPG/150px-080110_schalke_arena_germany.JPG,FC Schalke 04,"[50.102777, 9.099053]"
105,Yizhong Sports Centre Stadium,62000,East Asia,China,"Qingdao, Shandong",https://upload.wikimedia.org/wikipedia/commons/thumb/7/77/Qingdao_Guoxin_Stadium.jpg/150px-Qingdao_Guoxin_Stadium.jpg,Qingdao Jonoon FC,"[26.84167, 104.90833]"
106,Estádio Governador Magalhães Pinto,61846,South America,Brazil,"Belo Horizonte, Minas Gerais",https://upload.wikimedia.org/wikipedia/commons/thumb/6/69/Stadion_Belo_Horizonte_Halbfinale_WM_2014_%2822117986076%29.jpg/150px-Stadion_Belo_Horizonte_Halbfinale_WM_2014_%2822117986076%29.jpg,"Atlético Mineiro, Cruzeiro EC","[-19.8673678, -43.9709634]"
107,King Fahd International Stadium,61781,West Asia,Saudi Arabia,Riyadh,https://upload.wikimedia.org/wikipedia/commons/thumb/2/2b/%E3%82%AD%E3%83%B3%E3%82%B0%E3%83%95%E3%82%A1%E3%83%8F%E3%83%89%E5%9B%BD%E9%9A%9B%E3%82%B9%E3%82%BF%E3%82%B8%E3%82%A2%E3%83%A0.jpg/150px-%E3%82%AD%E3%83%B3%E3%82%B0%E3%83%95%E3%82%A1%E3%83%8F%E3%83%89%E5%9B%BD%E9%9A%9B%E3%82%B9%E3%82%BF%E3%82%B8%E3%82%A2%E3%83%A0.jpg,"Saudi Arabia national football team, Al-Hilal, Al-Nassr, Al-Shabab","[24.787721, 46.838751]"
108,Soldier Field,61500,North America,United States,Chicago,https://upload.wikimedia.org/wikipedia/commons/thumb/8/8b/The_Refurbished_Soldier_Field.jpg/150px-The_Refurbished_Soldier_Field.jpg,Chicago Bears,"[41.8639164, -87.6167044]"
109,Nanjing Olympic Sports Centre Stadium,61443,East Asia,China,"Nanjing, Jiangsu",https://upload.wikimedia.org/wikipedia/commons/thumb/b/b5/Nanjing_Olympic_Sports_Center_inner_view_%282016%29.jpg/150px-Nanjing_Olympic_Sports_Center_inner_view_%282016%29.jpg,,"[32.06167, 118.77778]"
110,Anfield,61276,Europe,England,"Liverpool, England",https://upload.wikimedia.org/wikipedia/commons/thumb/0/02/Panorama_of_Anfield_with_new_main_stand_%2829676137824%29.jpg/150px-Panorama_of_Anfield_with_new_main_stand_%2829676137824%29.jpg,Liverpool FC,"[53.432262023, -2.953929354]"
111,Estadio Benito Villamarín,60720,Europe,Spain,Seville,https://upload.wikimedia.org/wikipedia/commons/thumb/6/6d/Estadio_Benito_Villamar%C3%ADn_2018001.jpg/150px-Estadio_Benito_Villamar%C3%ADn_2018001.jpg,Real Betis,"[37.35708, -5.980334]"
112,Abuja Stadium,60491,Africa,Nigeria,Abuja,https://upload.wikimedia.org/wikipedia/commons/thumb/d/d2/Football_heaven.jpg/150px-Football_heaven.jpg,Nigeria national football team,"[9.0370556, 7.4529375]"
113,MHPArena,60469,Europe,Germany,Stuttgart,https://upload.wikimedia.org/wikipedia/commons/thumb/5/53/Neckarstadion_2011.jpg/150px-Neckarstadion_2011.jpg,VfB Stuttgart,"[48.8908, 9.1823]"
114,Celtic Park,60411,Europe,Scotland,Glasgow,https://upload.wikimedia.org/wikipedia/commons/thumb/c/ce/Celtic_park_2.jpg/150px-Celtic_park_2.jpg,Celtic FC,"[55.84515, -4.195349]"
115,Estadio de la UNSA,60370,South America,Peru,Arequipa,https://upload.wikimedia.org/wikipedia/commons/thumb/e/ef/OutsideUNSA.jpg/150px-OutsideUNSA.jpg,FBC Melgar,"[-16.4070046, -71.5208351]"
116,Emirates Stadium,60338,Europe,England,London,https://upload.wikimedia.org/wikipedia/commons/thumb/d/d1/Emirates_Stadium_-_East_stand_Club_Level.jpg/150px-Emirates_Stadium_-_East_stand_Club_Level.jpg,Arsenal,"[51.5549269, -0.1084932]"
117,Shenzhen Universiade Sports Centre Stadium,60334,East Asia,China,"Shenzhen, Guangdong",https://upload.wikimedia.org/wikipedia/commons/thumb/1/11/%E6%B7%B1%E5%9C%B3%E9%BE%99%E5%B2%97%E5%A4%A7%E8%BF%90%E4%B8%AD%E5%BF%83%E4%BD%93%E8%82%B2%E9%A6%86%E5%86%85%E9%83%A8.jpg/150px-%E6%B7%B1%E5%9C%B3%E9%BE%99%E5%B2%97%E5%A4%A7%E8%BF%90%E4%B8%AD%E5%BF%83%E4%BD%93%E8%82%B2%E9%A6%86%E5%86%85%E9%83%A8.jpg,,"[22.54554, 114.0683]"
118,Estadio Centenario,60235,South America,Uruguay,Montevideo,https://upload.wikimedia.org/wikipedia/commons/thumb/9/98/Estadio_Centenario_2021.jpg/150px-Estadio_Centenario_2021.jpg,Uruguay national football team,"[-34.894111, -56.151621]"
119,Estádio José do Rego Maciel,60044,South America,Brazil,"Recife, Pernambuco",https://upload.wikimedia.org/wikipedia/commons/thumb/1/1b/Arruda_em_novembro_de_2013.JPG/150px-Arruda_em_novembro_de_2013.JPG,Santa Cruz FC,"[-8.061488, -34.900196]"
120,Al-Bayt Stadium,60000,West Asia,Qatar,Al-Khor,https://upload.wikimedia.org/wikipedia/en/thumb/7/71/Al_Bayt_Stadium_architecture.jpg/150px-Al_Bayt_Stadium_architecture.jpg,,"[25.6521673, 51.4878573]"
121,Benjamin Mkapa National Stadium,60000,Africa,Tanzania,Dar es-Salaam,https://upload.wikimedia.org/wikipedia/commons/thumb/e/ef/Tanzania_National_Main_Stadium_Aerial.jpg/150px-Tanzania_National_Main_Stadium_Aerial.jpg,"Tanzania national football team, Young Africans","[-6.8535479, 39.2729548]"
122,Hefei Olympic Sports Centre Stadium,60000,East Asia,China,"Hefei, Anhui",https://upload.wikimedia.org/wikipedia/commons/thumb/8/8e/Hefei_Olympic_Sports_Center_Stadium.jpg/150px-Hefei_Olympic_Sports_Center_Stadium.jpg,Anhui Jiufang,"[-22.6011061, 17.0973067]"
123,Jaber al-Ahmad International Stadium,60000,West Asia,Kuwait,Kuwait City,https://upload.wikimedia.org/wikipedia/en/thumb/1/18/Jaber_Al-Ahmad_International_Stadium_2019_local.png/150px-Jaber_Al-Ahmad_International_Stadium_2019_local.png,Kuwait national football team,"[29.271331, 47.918081]"
124,Hammadi Agrebi Stadium,60000,Africa,Tunisia,Tunis,https://upload.wikimedia.org/wikipedia/commons/thumb/0/02/Mozambique-Tunisia_match_2009.jpg/150px-Mozambique-Tunisia_match_2009.jpg,Tunisia national football team,"[33.49689, 11.08279]"
125,Jawaharlal Nehru Stadium,60000,South Asia,India,New Delhi,https://upload.wikimedia.org/wikipedia/commons/thumb/a/a0/Jawaharlal_Nehru_Stadium%2C_New_Delhi.png/150px-Jawaharlal_Nehru_Stadium%2C_New_Delhi.png,,"[28.5800958, 77.2308692]"
126,Mogadishu Stadium,60000,Africa,Somalia,Mogadishu,https://upload.wikimedia.org/wikipedia/commons/thumb/e/e0/Mogadishustadium.jpg/150px-Mogadishustadium.jpg,Somalia national football team,"[2.06754, 45.33546]"
127,National Heroes Stadium,60000,Africa,Zambia,Lusaka,https://upload.wikimedia.org/wikipedia/commons/thumb/f/fe/Inauguration_of_Edgar_Lungu.jpg/150px-Inauguration_of_Edgar_Lungu.jpg,Zambian national football team,"[-15.3695011, 28.273703]"
128,Autzen Stadium,60000,North America,United States,"Eugene, Oregon",https://upload.wikimedia.org/wikipedia/commons/thumb/3/34/Autzen_Stadium_at_night.jpg/150px-Autzen_Stadium_at_night.jpg,,"[44.0579341, -123.0680804]"
129,Odi Stadium,60000,Africa,South Africa,"Mabopane, Gauteng",https://upload.wikimedia.org/wikipedia/commons/thumb/0/0a/No-image-available.png/480px-No-image-available.png,,"[-25.5216094, 28.0390539]"
130,Morodok Techo National Stadium,60000,Southeast Asia,Cambodia,Phnom Penh,https://upload.wikimedia.org/wikipedia/commons/thumb/6/6d/Morodok_Techo_National_Stadium.jpg/150px-Morodok_Techo_National_Stadium.jpg,Cambodia national football team,"[11.6830611, 104.8761889]"
131,Shenyang Olympic Sports Centre Stadium,60000,East Asia,China,"Shenyang, Liaoning",https://upload.wikimedia.org/wikipedia/commons/thumb/5/52/Shenyang_Olympic_Sports_Center_Stadium_drone_view_1.jpg/150px-Shenyang_Olympic_Sports_Center_Stadium_drone_view_1.jpg,,"[41.79222, 123.43278]"
132,Optus Stadium,60000,Oceania,Australia,"Perth, Western Australia",https://upload.wikimedia.org/wikipedia/commons/thumb/c/cb/Perth_Stadium_opening_210118_gnangarra-10.jpg/150px-Perth_Stadium_opening_210118_gnangarra-10.jpg,"Perth Glory FC, Fremantle Dockers, West Coast Eagles","[-31.952293, 115.88921]"
133,Estadio Monumental Isidro Romero Carbo,59283,South America,Ecuador,Guayaquil,https://upload.wikimedia.org/wikipedia/commons/thumb/3/30/Estadio_Monumental_de_Barcelona.jpg/150px-Estadio_Monumental_de_Barcelona.jpg,Barcelona Sporting Club,"[-2.1859365, -79.9247903]"
134,Groupama Stadium,59186,Europe,France,Décines-Charpieu,https://upload.wikimedia.org/wikipedia/commons/thumb/c/c4/Stade_Lumi%C3%A8re.jpg/150px-Stade_Lumi%C3%A8re.jpg,Olympique Lyonnais,"[45.7651819, 4.9820374]"
135,Chongqing Olympic Sports Centre Stadium,58680,East Asia,China,Chongqing,https://upload.wikimedia.org/wikipedia/commons/thumb/e/e1/Chongqing_Olympic_Stadium.jpg/150px-Chongqing_Olympic_Stadium.jpg,,"[29.56026, 106.55771]"
136,Kazimierz Górski National Stadium,58580,Europe,Poland,Warsaw,https://upload.wikimedia.org/wikipedia/commons/thumb/7/76/National_Stadium_panorama.jpg/150px-National_Stadium_panorama.jpg,Poland national football team,"[51.707342663, 19.200712417]"
137,Stadio San Nicola,58270,Europe,Italy,"Bari, Apulia",https://upload.wikimedia.org/wikipedia/commons/thumb/7/7f/Nuoviseggiolinisannicola.jpg/150px-Nuoviseggiolinisannicola.jpg,SSC Bari,"[41.0847673, 16.8392211]"
138,Commanders Field,58000,North America,United States,"Landover, Maryland",https://upload.wikimedia.org/wikipedia/commons/thumb/7/78/FedexField2014.jpg/150px-FedexField2014.jpg,Washington Commanders,"[44.9159455, -93.2688364]"
139,Deutsche Bank Park,58000,Europe,Germany,Frankfurt,https://upload.wikimedia.org/wikipedia/commons/thumb/f/f4/Commerzbank-Arena_%28Haupttrib%C3%BCne%29.JPG/150px-Commerzbank-Arena_%28Haupttrib%C3%BCne%29.JPG,Eintracht Frankfurt,"[50.0673, 8.6504]"
140,Estadio La Cartuja de Sevilla,57619,Europe,Spain,Seville,https://upload.wikimedia.org/wikipedia/commons/thumb/7/7b/Panoramio_-_V%26A_Dudush_-_Estadio_Ol%C3%ADmpico_57_619.jpg/150px-Panoramio_-_V%26A_Dudush_-_Estadio_Ol%C3%ADmpico_57_619.jpg,,"[37.4181699, -6.0058233]"
141,Carter–Finley Stadium,57583,North America,United States,"Raleigh, North Carolina",https://upload.wikimedia.org/wikipedia/commons/thumb/2/2e/Carter_Finley_Stadium_at_Sunset.jpg/150px-Carter_Finley_Stadium_at_Sunset.jpg,NC State Wolfpack football,"[35.8002297, -78.7204062]"
142,La Bombonera,57200,South America,Argentina,Buenos Aires,https://upload.wikimedia.org/wikipedia/commons/thumb/9/99/La_Bombonera.jpg/150px-La_Bombonera.jpg,CA Boca Juniors,"[-34.638, -58.3663]"
143,Volksparkstadion,57030,Europe,Germany,Hamburg,https://upload.wikimedia.org/wikipedia/commons/thumb/7/79/Volksparkstadion_Panorama.jpg/150px-Volksparkstadion_Panorama.jpg,Hamburger SV,"[53.5871748, 9.8986017]"
144,Estadio Mario Alberto Kempes,57000,South America,Argentina,Córdoba,https://upload.wikimedia.org/wikipedia/commons/thumb/d/d9/Estadio_Kempes_luego_de_finalizar_un_partido.jpg/150px-Estadio_Kempes_luego_de_finalizar_un_partido.jpg,"Talleres de Córdoba, some Belgrano de Córdoba matches.","[-31.3678954, -64.2522581]"
145,Jinan Olympic Sports Centre Stadium,56808,East Asia,China,"Jinan, Shandong",https://upload.wikimedia.org/wikipedia/commons/thumb/1/1f/JinanOlympic.JPG/150px-JinanOlympic.JPG,Shandong Taishan,"[36.66833, 116.99722]"
146,Estadio Jalisco,56713,North America,Mexico,"Guadalajara, Jalisco",https://upload.wikimedia.org/wikipedia/commons/thumb/8/82/Estadio_Jalisco_06022022.jpg/150px-Estadio_Jalisco_06022022.jpg,Atlas,"[20.7046723, -103.3273921]"
147,Commonwealth Stadium,56302,North America,Canada,"Edmonton, Alberta",https://upload.wikimedia.org/wikipedia/commons/thumb/f/f3/Commonwealth_Stadium.jpg/150px-Commonwealth_Stadium.jpg,"Edmonton Elks, Canadian men's and women's national teams","[53.5601875, -113.4764042]"
148,Dodger Stadium,56000,North America,United States,Los Angeles,https://upload.wikimedia.org/wikipedia/commons/thumb/d/d2/Dodger_Stadium_field_from_upper_deck_2015-10-04.jpg/150px-Dodger_Stadium_field_from_upper_deck_2015-10-04.jpg,Los Angeles Dodgers,"[34.0725774, -118.2402953]"
149,Stade du 19-mai-1956,56000,Africa,Algeria,Annaba,https://upload.wikimedia.org/wikipedia/commons/thumb/8/88/Annaba_Stadium.jpg/150px-Annaba_Stadium.jpg,USM Annaba,"[36.8834844, 7.7330868]"
150,Estadi Olímpic Lluís Companys,55926,Europe,Spain,"Barcelona, Catalonia",https://upload.wikimedia.org/wikipedia/commons/thumb/f/ff/Estadi_Ol%C3%ADmpic_Llu%C3%ADs_Companys_-_Barcelona%2C_Spain_-_Jan_2007.jpg/150px-Estadi_Ol%C3%ADmpic_Llu%C3%ADs_Companys_-_Barcelona%2C_Spain_-_Jan_2007.jpg,,"[41.3647864, 2.1541913]"
151,Arena do Grêmio,55662,South America,Brazil,"Porto Alegre, Rio Grande do Sul",https://upload.wikimedia.org/wikipedia/commons/thumb/a/a2/Arena_do_Gr%C3%AAmio.jpg/150px-Arena_do_Gr%C3%AAmio.jpg,Grêmio FBPA,"[-22.7971803, -43.0433703]"
152,Arena Națională,55634,Europe,Romania,Bucharest,https://upload.wikimedia.org/wikipedia/commons/thumb/1/1a/Stadionul_National_-_National_Arena_3.jpg/150px-Stadionul_National_-_National_Arena_3.jpg,Romania national football team,"[44.436, 26.1518]"
153,Stadion Rajko Mitić,55538,Europe,Serbia,Belgrade,https://upload.wikimedia.org/wikipedia/commons/thumb/7/70/Zvezda_stadion.jpg/150px-Zvezda_stadion.jpg,"Red Star Belgrade, Serbia national football team","[44.7846877, 20.4633298]"
154,Stadion Śląski,55211,Europe,Poland,Chorzów,https://upload.wikimedia.org/wikipedia/commons/thumb/c/c4/Widok_bramka.jpg/150px-Widok_bramka.jpg,"Poland national football team, Ruch Chorzów","[50.2885462, 18.9755375]"
155,Etihad Stadium,55097,Europe,England,"Manchester, North West England",https://upload.wikimedia.org/wikipedia/commons/thumb/b/b8/Etihad_Stadium.jpg/150px-Etihad_Stadium.jpg,Manchester City,"[53.483055, -2.200477]"
156,Mestalla,55000,Europe,Spain,Valencia,https://upload.wikimedia.org/wikipedia/commons/thumb/a/af/CAMP_DE_MESTALLA_GRADA_DE_LA_MAR_2014_%282%29.JPG/150px-CAMP_DE_MESTALLA_GRADA_DE_LA_MAR_2014_%282%29.JPG,Valencia CF,"[39.4704565, -0.3584887]"
157,National Stadium,55000,Southeast Asia,Singapore,Singapore,https://upload.wikimedia.org/wikipedia/commons/thumb/f/f5/SingaporeNationalStadiumJapanBrazilFootball.jpg/150px-SingaporeNationalStadiumJapanBrazilFootball.jpg,Singapore national football team,"[1.3046981726, 103.8735625632]"
158,National Stadium,55000,East Asia,Taiwan,Kaohsiung,https://upload.wikimedia.org/wikipedia/commons/thumb/5/5f/The_Main_Stadium_for_2009_World_Games_panorama.jpg/150px-The_Main_Stadium_for_2009_World_Games_panorama.jpg,Chinese Taipei national football team,"[22.68526, 120.31598]"
159,He Long Stadium,55000,East Asia,China,"Changsha, Hunan",https://upload.wikimedia.org/wikipedia/commons/thumb/7/75/Helong_Stadium.jpg/150px-Helong_Stadium.jpg,,"[42.53974, 128.99722]"
160,Cape Town Stadium,55000,Africa,South Africa,"Cape Town, Western Cape",https://upload.wikimedia.org/wikipedia/commons/thumb/0/06/Cape_Town_Stadium_Inside.jpg/150px-Cape_Town_Stadium_Inside.jpg,"Cape Town City FC, DHL Western Cape Stormers","[-33.9044666, 18.4115666]"
161,Plovdiv Stadium,55000,Europe,Bulgaria,Plovdiv,https://upload.wikimedia.org/wikipedia/commons/thumb/0/0c/Plovdiv_Stadium.JPG/150px-Plovdiv_Stadium.JPG,,"[42.1449239, 24.7503222]"
162,Bobby Dodd Stadium,55000,North America,United States,Atlanta,https://upload.wikimedia.org/wikipedia/commons/thumb/a/a4/BDS2013.jpg/150px-BDS2013.jpg,Georgia Tech Yellow Jackets football,"[33.7735649, -84.3926981]"
163,Johan Cruijff Arena,54990,Europe,Netherlands,Amsterdam,https://upload.wikimedia.org/wikipedia/commons/thumb/7/73/Ajax_0_Chelsea_1_%2823Oct19%29.jpg/150px-Ajax_0_Chelsea_1_%2823Oct19%29.jpg,AFC Ajax,"[52.312804, 4.939534]"
164,Tianhe Stadium,54856,East Asia,China,"Guangzhou, Guangdong",https://upload.wikimedia.org/wikipedia/commons/thumb/1/1f/Tianhe_Stadium.jpg/150px-Tianhe_Stadium.jpg,,"[31.28761, 108.19341]"
165,Stadio Diego Armando Maradona,54726,Europe,Italy,Naples,https://upload.wikimedia.org/wikipedia/commons/thumb/f/f0/Braciere_olimpico_XXX_Universiade_Napoli_2019.jpg/150px-Braciere_olimpico_XXX_Universiade_Napoli_2019.jpg,SSC Napoli,"[40.82816, 14.19298]"
166,Tianjin Olympic Sports Centre Stadium,54696,East Asia,China,Tianjin,https://upload.wikimedia.org/wikipedia/commons/thumb/7/72/Tianjin_Olympic_Center_Stadium.jpg/150px-Tianjin_Olympic_Center_Stadium.jpg,Tianjin Teda,"[39.14222, 117.17667]"
167,MERKUR SPIEL-ARENA,54600,Europe,Germany,Düsseldorf,https://upload.wikimedia.org/wikipedia/commons/thumb/a/a7/LTU_arena_panorama.jpg/150px-LTU_arena_panorama.jpg,Fortuna Düsseldorf,"[51.2613, 6.7369]"
168,Boris Paitchadze Dinamo Arena,54549,West Asia,Georgia,Tbilisi,https://upload.wikimedia.org/wikipedia/commons/thumb/3/38/Boris_Paichadze_Dinamo_Arena%2C_Samtredia_-_Qaraba%C4%9F.jpg/150px-Boris_Paichadze_Dinamo_Arena%2C_Samtredia_-_Qaraba%C4%9F.jpg,"Georgia national football team, FC Dinamo Tbilisi","[32.648324554, -83.444534401]"
169,Wuhan Sports Centre Stadium,54357,East Asia,China,"Wuhan, Hubei",https://upload.wikimedia.org/wikipedia/commons/thumb/6/6d/Wuhan_Sport_Centre_01.jpg/150px-Wuhan_Sport_Centre_01.jpg,,"[30.58333, 114.26667]"
170,BC Place Stadium,54320,North America,Canada,"Vancouver, British Columbia",https://upload.wikimedia.org/wikipedia/commons/thumb/f/ff/BC_Place_2015_Women%27s_FIFA_World_Cup.jpg/150px-BC_Place_2015_Women%27s_FIFA_World_Cup.jpg,"Vancouver Whitecaps FC, BC Lions","[49.2757873, -123.1129539]"
171,Yankee Stadium,54251,North America,United States,New York City,https://upload.wikimedia.org/wikipedia/commons/thumb/5/5f/YankeeStadium-9-21-22-1.jpg/150px-YankeeStadium-9-21-22-1.jpg,"New York Yankees, New York City FC","[40.82799, -73.92591]"
172,Hrazdan Stadium,54208,West Asia,Armenia,Yerevan,https://upload.wikimedia.org/wikipedia/commons/thumb/7/71/HrazdanArmeniaTurkey.JPG/150px-HrazdanArmeniaTurkey.JPG,"FC Ararat Yerevan, Ulisses FC","[40.2197486, 44.443763]"
173,BORUSSIA-PARK,54057,Europe,Germany,Mönchengladbach,https://upload.wikimedia.org/wikipedia/commons/thumb/5/5d/Borussia-Park_DEU-FRA_2011.jpg/150px-Borussia-Park_DEU-FRA_2011.jpg,Borussia Mönchengladbach,"[51.1751503, 6.3843216]"
174,Moses Mabhida Stadium,54000,Africa,South Africa,"Durban, KwaZulu-Natal",https://upload.wikimedia.org/wikipedia/commons/thumb/9/9c/FIFA_World_Cup_2010_Netherlands_Japan.jpg/150px-FIFA_World_Cup_2010_Netherlands_Japan.jpg,"AmaZulu FC, Cell C Durban Sharks","[-29.82649, 31.03054]"
175,Busan Asiad Main Stadium,53864,East Asia,South Korea,Busan,https://upload.wikimedia.org/wikipedia/commons/thumb/7/73/BusanAsiadStadium.jpg/150px-BusanAsiadStadium.jpg,Busan IPark,"[35.10168, 129.03004]"
176,Estádio Estadual Jornalista Edgar Augusto Proença,53645,South America,Brazil,"Belém, Pará",https://upload.wikimedia.org/wikipedia/commons/thumb/6/6e/Mangueir%C3%A3o_em_2023.jpg/150px-Mangueir%C3%A3o_em_2023.jpg,"Paysandu SC, Clube do Remo, Tuna Luso Brasileira, SC Belem","[-1.3625808, -48.4500813]"
177,Estadio Único Diego Armando Maradona,53600,South America,Argentina,La Plata,https://upload.wikimedia.org/wikipedia/commons/thumb/8/88/EstadioUnicoLaPlata_Interior_June2014.jpg/150px-EstadioUnicoLaPlata_Interior_June2014.jpg,,"[-34.6060538, -58.4726423]"
178,Adelaide Oval,53500,Oceania,Australia,"Adelaide, South Australia",https://upload.wikimedia.org/wikipedia/commons/thumb/a/a3/After_Game_Kick_and_Catch_%2813750115664%29.jpg/150px-After_Game_Kick_and_Catch_%2813750115664%29.jpg,"Adelaide Crows, Port Adelaide Power","[-34.916833, 138.596672]"
179,Docklands Stadium,53359,Oceania,Australia,"Melbourne, Victoria",https://upload.wikimedia.org/wikipedia/commons/thumb/7/71/Melbourne_Derby_December_2014.jpg/150px-Melbourne_Derby_December_2014.jpg,"Western Bulldogs, Essendon, St. Kilda, Carlton, North Melbourne","[-37.81674, 144.94753]"
180,Estádio Municipal João Havelange,53350,South America,Brazil,"Uberlândia, Minas Gerais",https://upload.wikimedia.org/wikipedia/commons/thumb/2/2f/Est%C3%A1dio_Parque_do_Sabi%C3%A1.jpg/150px-Est%C3%A1dio_Parque_do_Sabi%C3%A1.jpg,Uberlânia EC,"[-18.9130154, -48.2341336]"
181,San Mamés,53332,Europe,Spain,Bilbao,https://upload.wikimedia.org/wikipedia/commons/thumb/f/f8/San_Mames%2C_Bilbao%2C_Euskal_Herria_-_Basque_Country.jpg/150px-San_Mames%2C_Bilbao%2C_Euskal_Herria_-_Basque_Country.jpg,Athletic Bilbao,"[42.3106326, -5.9171625]"
182,Aleppo International Stadium,53200,West Asia,Syria,Aleppo,https://upload.wikimedia.org/wikipedia/commons/thumb/b/be/Aleppo_International_Stadium%2C_day_view%2C_2009_%281%29.jpg/150px-Aleppo_International_Stadium%2C_day_view%2C_2009_%281%29.jpg,Al-Ittihad,"[36.18491, 37.11767]"
183,Estadio Nacional,53086,South America,Peru,Lima,https://upload.wikimedia.org/wikipedia/commons/thumb/b/b8/Estadio_Nacional_nuevo_07_10_2011.jpg/150px-Estadio_Nacional_nuevo_07_10_2011.jpg,Peru national football team,"[-12.0687913, -77.0344327]"
184,Huanglong Stadium,52672,East Asia,China,"Hangzhou, Zhejiang",https://upload.wikimedia.org/wikipedia/commons/thumb/5/53/Hangzhou-yellow-dragon-stad.jpg/150px-Hangzhou-yellow-dragon-stad.jpg,Hangzhou FC,"[26.54139, 110.93444]"
185,RAMS Park,52652,Europe,Turkey,Istanbul,https://upload.wikimedia.org/wikipedia/commons/thumb/d/d7/Galatasaray_Arena_North-West_Corner.jpg/150px-Galatasaray_Arena_North-West_Corner.jpg,Galatasaray,"[37.869837, 27.596305]"
186,Suncorp Stadium,52500,Oceania,Australia,"Brisbane, Queensland",https://upload.wikimedia.org/wikipedia/commons/thumb/4/46/Suncorpstadium071006a.JPG/150px-Suncorpstadium071006a.JPG,"Brisbane Broncos, Queensland Maroons, Brisbane Roar FC, Queensland Reds","[-27.4659684, 153.0093433]"
187,St. James' Park,52405,Europe,England,"Newcastle upon Tyne, North East",https://upload.wikimedia.org/wikipedia/commons/thumb/6/6e/StJamesParkPanorama.jpg/150px-StJamesParkPanorama.jpg,Newcastle United,"[54.9753967, -1.6240295]"
188,Kings Park Stadium,52000,Africa,South Africa,"Durban, KwaZulu-Natal",https://upload.wikimedia.org/wikipedia/commons/thumb/b/bc/Kings_Park_panorama.jpg/150px-Kings_Park_panorama.jpg,"Lamontville Golden Arrows, Cell C Durban Sharks","[-29.82219, 31.02994]"
189,Newlands Stadium,51900,Africa,South Africa,"Cape Town, Western Cape",https://upload.wikimedia.org/wikipedia/commons/thumb/4/48/Proudly_South_African.jpg/150px-Proudly_South_African.jpg,,"[-33.970429, 18.4685]"
190,Hampden Park,51866,Europe,Scotland,Glasgow,https://upload.wikimedia.org/wikipedia/commons/thumb/d/dc/Hampden_Park%2C_January_2023.jpg/150px-Hampden_Park%2C_January_2023.jpg,"Scotland national football team, Queen's Park","[55.82496, -4.25499]"
191,Estadio Monumental de Maturín,51796,South America,Venezuela,Maturín,https://upload.wikimedia.org/wikipedia/commons/thumb/8/8d/Monumental_de_maturin_3.jpg/150px-Monumental_de_maturin_3.jpg,Monagas Sport Club,"[9.7099376, -63.2677533]"
192,Loftus Versfeld Stadium,51762,Africa,South Africa,"Pretoria, Gauteng",https://upload.wikimedia.org/wikipedia/commons/thumb/6/6c/Loftus_Versfeld_Game_Night.JPG/150px-Loftus_Versfeld_Game_Night.JPG,SuperSport United and Vodacom Pretoria Bulls,"[-25.7599483, 28.1963594]"
193,Aviva Stadium,51700,Europe,Ireland,Dublin,https://upload.wikimedia.org/wikipedia/commons/thumb/a/a1/Aviva_Stadium_Panoramic.jpg/150px-Aviva_Stadium_Panoramic.jpg,"Leinster Rugby, Republic of Ireland national football team, Ireland national rugby union team","[53.335, -6.22865]"
194,Guiyang Olympic Sports Centre Stadium,51638,East Asia,China,"Guiyang, Guizhou",https://upload.wikimedia.org/wikipedia/commons/thumb/c/c3/Guiyang_Olympic_Sports_Center.jpg/150px-Guiyang_Olympic_Sports_Center.jpg,,"[26.58333, 106.71667]"
195,Hohhot City Stadium,51632,East Asia,China,"Hohhot, Inner Mongolia",https://upload.wikimedia.org/wikipedia/commons/thumb/5/57/Hohhot_City_Stadium.jpg/150px-Hohhot_City_Stadium.jpg,,"[40.81056, 111.65222]"
196,Rajamangala National Stadium,51552,Southeast Asia,Thailand,Bangkok,https://upload.wikimedia.org/wikipedia/commons/thumb/0/06/Rajamangala_Stadium_Panorama.jpg/150px-Rajamangala_Stadium_Panorama.jpg,Thailand national football team,"[13.7553944, 100.6221099]"
197,Donbass Arena,51504,Europe,Ukraine,Donetsk,https://upload.wikimedia.org/wikipedia/en/thumb/8/8c/Donbass_Arena.jpg/150px-Donbass_Arena.jpg,,"[48.021025, 37.81021]"
198,El Cilindro,51389,South America,Argentina,Avellaneda,https://upload.wikimedia.org/wikipedia/commons/thumb/7/77/Panoramica_Cilindro.jpg/150px-Panoramica_Cilindro.jpg,Racing Club de Avellaneda,"[-32.9389096, -68.8746931]"
199,İzmir Atatürk Stadyumu,51295,West Asia,Turkey,İzmir,https://upload.wikimedia.org/wikipedia/commons/thumb/e/ec/%C4%B0zmir_Atat%C3%BCrk_Stadyumu.jpg/150px-%C4%B0zmir_Atat%C3%BCrk_Stadyumu.jpg,"Altay SK, Göztepe AŞ","[38.4349569, 27.1768802]"
200,Stadion Feijenoord,51117,Europe,Netherlands,Rotterdam,https://upload.wikimedia.org/wikipedia/commons/thumb/8/89/Rotterdam_De_Kuip_1.jpg/150px-Rotterdam_De_Kuip_1.jpg,Feyenoord,"[51.8942237, 4.5266606]"
201,Estadio BBVA,51000,North America,Mexico,Monterrey,https://upload.wikimedia.org/wikipedia/commons/thumb/f/f9/Estadio_BBVA.jpg/150px-Estadio_BBVA.jpg,CF Monterrey,"[22.28, -97.85]"
202,Ghadir Stadium,51000,West Asia,Iran,Ahvaz,https://upload.wikimedia.org/wikipedia/commons/thumb/5/5a/Al-Ghadeer_Stadium.jpg/150px-Al-Ghadeer_Stadium.jpg,Foolad FC,"[26.878, 53.9674]"
203,Estádio José Pinheiro Borda,50942,South America,Brazil,Porto Alegre. Rio Grande do Sul,https://upload.wikimedia.org/wikipedia/commons/thumb/3/31/Beira-Rio-Stadium-Porto-Alegre-Brazil.jpg/150px-Beira-Rio-Stadium-Porto-Alegre-Brazil.jpg,SC Internacional,"[-30.0648507, -51.2366267]"
204,Ibrox Stadium,50817,Europe,Scotland,Glasgow,https://upload.wikimedia.org/wikipedia/commons/thumb/4/41/Rangers-SM_%281%29.jpg/150px-Rangers-SM_%281%29.jpg,Rangers FC,"[55.8526639, -4.3095561]"
205,Shizuoka Stadium,50889,East Asia,Japan,"Fukuroi, Shizuoka",https://upload.wikimedia.org/wikipedia/commons/thumb/d/d7/Ecopa030304.jpg/150px-Ecopa030304.jpg,"Júbilo Iwata, Shimizu S-Pulse, Shizuoka Blue Revs","[34.74342, 137.97068]"
206,Ernst-Happel-Stadion,50865,Europe,Austria,Vienna,https://upload.wikimedia.org/wikipedia/commons/thumb/3/3c/EM_2008_Elfmeter_Kroatien_%C3%96sterreich.jpg/150px-EM_2008_Elfmeter_Kroatien_%C3%96sterreich.jpg,Austria national football team,"[48.2081543, 16.419914]"
207,Huntington Bank Stadium,50805,North America,United States,Minneapolis,https://upload.wikimedia.org/wikipedia/en/thumb/c/cf/MNUFCTCF.jpeg/150px-MNUFCTCF.jpeg,Minnesota Golden Gophers football,"[44.9757434, -93.2256044]"
208,Estadio Cuauhtémoc,50754,North America,Mexico,Puebla,https://upload.wikimedia.org/wikipedia/commons/thumb/2/24/Rampa_norte.jpg/150px-Rampa_norte.jpg,Puebla FC,"[19.0782226, -98.1653012]"
209,Strawberry Arena,50653,Europe,Sweden,Solna,https://upload.wikimedia.org/wikipedia/commons/thumb/2/2b/FriendsArena_SwedenSpain.jpg/150px-FriendsArena_SwedenSpain.jpg,"Sweden men's national football team, AIK Fotboll","[59.372178, 18.002619]"
210,Ülker Stadyumu,50509,West Asia,Turkey,Istanbul,https://upload.wikimedia.org/wikipedia/commons/thumb/6/67/Sukrusaracoglu.jpg/150px-Sukrusaracoglu.jpg,Fenerbahçe,"[38.060395, 30.165074]"
211,Stanford Stadium,50424,North America,United States,"Palo Alto, California",https://upload.wikimedia.org/wikipedia/commons/thumb/d/da/2008-1115-006-USC-Stanford-PAN.jpg/150px-2008-1115-006-USC-Stanford-PAN.jpg,,"[37.436164, -122.160491]"
212,Stade Pierre-Mauroy,50186,Europe,France,Villeneuve-d'Ascq,https://upload.wikimedia.org/wikipedia/commons/thumb/9/90/Mauroy_Stadium_Eurobasket_2015.JPG/150px-Mauroy_Stadium_Eurobasket_2015.JPG,Lille OSC,"[50.6128586, 3.1301388]"
213,Stade Roi Baudouin,50122,Europe,Belgium,Brussels,https://upload.wikimedia.org/wikipedia/commons/thumb/a/a4/Stade_Roi_Baudouin.JPG/150px-Stade_Roi_Baudouin.JPG,Belgium national football team,"[50.8952712, 4.3333338]"
214,Shaanxi Province Stadium,50100,East Asia,China,"Xi'an, Shaanxi",https://upload.wikimedia.org/wikipedia/commons/thumb/0/0a/No-image-available.png/480px-No-image-available.png,,"[36.0, 109.0]"
215,Ajinomoto Stadium,50100,East Asia,Japan,"Chofu, Tokyo",https://upload.wikimedia.org/wikipedia/commons/thumb/5/5c/Ajinomoto_Stadium_2018-13.jpg/150px-Ajinomoto_Stadium_2018-13.jpg,"FC Tokyo, Tokyo Verdy, Tokyo Sungoliath, Toshiba Brave Lupus Tokyo","[35.66433027, 139.527116898]"
216,Estádio José Alvalade,50095,Europe,Portugal,Lisbon,https://upload.wikimedia.org/wikipedia/commons/thumb/c/cc/Alvalade0023.jpg/150px-Alvalade0023.jpg,Sporting CP,"[38.7624872, -9.1618615]"
217,Estádio do Dragão,50033,Europe,Portugal,Porto,https://upload.wikimedia.org/wikipedia/commons/thumb/b/b8/Porto_Est%C3%A1dio_do_Drag%C3%A3o_2.jpg/150px-Porto_Est%C3%A1dio_do_Drag%C3%A3o_2.jpg,FC Porto,"[41.161774, -8.583558]"
218,Casa de Apostas Arena Fonte Nova,50025,South America,Brazil,"Salvador, Bahia",https://upload.wikimedia.org/wikipedia/commons/thumb/3/35/Arena_Fonte_Nova_External_View.jpg/150px-Arena_Fonte_Nova_External_View.jpg,EC Bahia,"[-0.0124282, -51.1691771]"
219,Stade Olympique de Sousse,50000,Africa,Tunisia,Sousse,https://upload.wikimedia.org/wikipedia/commons/thumb/b/be/Stade_olympique_de_Sousse.jpg/150px-Stade_olympique_de_Sousse.jpg,Étoile du Sahel,"[35.8235222, 10.6113822]"
220,RheinEnergieSTADION,50000,Europe,Germany,Cologne,https://upload.wikimedia.org/wikipedia/commons/thumb/8/82/FIFA_WM06_Stadion_Koeln.jpg/150px-FIFA_WM06_Stadion_Koeln.jpg,1. FC Köln,"[50.934458, 6.875353]"
221,Harbin Sports City Centre Stadium,50000,East Asia,China,"Harbin, Heilongjiang",https://upload.wikimedia.org/wikipedia/commons/thumb/0/0a/No-image-available.png/480px-No-image-available.png,,"[45.75, 126.65]"
222,Greenfield International Stadium,50000,South Asia,India,Trivandrum,https://upload.wikimedia.org/wikipedia/commons/thumb/3/35/Greenfield_International_Stadium_Kerala.jpg/150px-Greenfield_International_Stadium_Kerala.jpg,,"[28.684901, 77.368501]"
223,EMS Stadium,50000,South Asia,India,Kozhikode,https://upload.wikimedia.org/wikipedia/commons/thumb/1/1b/Kozhikode_EMS_Stadium.jpg/150px-Kozhikode_EMS_Stadium.jpg,"India national football team, Gokulam Kerala FC","[11.26077, 75.95417]"
224,KD Singh Babu Stadium,50000,South Asia,India,Lucknow,https://upload.wikimedia.org/wikipedia/commons/thumb/6/60/K_D_Singh_Babu_Stadium.jpg/150px-K_D_Singh_Babu_Stadium.jpg,,"[26.855366, 80.9375829]"
225,Eden Park,50000,Oceania,New Zealand,Auckland,https://upload.wikimedia.org/wikipedia/commons/thumb/e/e6/Auckland_EdenPark.jpg/150px-Auckland_EdenPark.jpg,"Auckland Blues, New Zealand Warriors","[-36.8741619, 174.7449996]"
226,Estádio 11 de Novembro,50000,Africa,Angola,Luanda,https://upload.wikimedia.org/wikipedia/commons/thumb/6/6b/Football_stadium_%286178263468%29.jpg/150px-Football_stadium_%286178263468%29.jpg,"Angola national football team, Primeiro de Agosto, Petro Luanda","[-8.969899, 13.2825654]"
227,Henan Provincial Stadium,50000,East Asia,China,"Zhengzhou, Henan",https://upload.wikimedia.org/wikipedia/commons/thumb/0/0a/No-image-available.png/480px-No-image-available.png,,"[37.8596, 108.727]"
228,Jiangxi Olympic Sports Center,50000,East Asia,China,"Nanchang, Jiangxi",https://upload.wikimedia.org/wikipedia/commons/thumb/0/0a/No-image-available.png/480px-No-image-available.png,,"[33.99934, 105.19994]"
229,Max-Morlock-Stadion,50000,Europe,Germany,Nuremberg,https://upload.wikimedia.org/wikipedia/commons/thumb/1/15/Frankenstadion_2.JPG/150px-Frankenstadion_2.JPG,1. FC Nürnberg,"[49.4260277, 11.1241717]"
230,June 11 Stadium,50000,Africa,Libya,Tripoli,https://upload.wikimedia.org/wikipedia/commons/thumb/7/77/11_June_Stadium_BenTaher.jpg/150px-11_June_Stadium_BenTaher.jpg,"Libya, Al-Ahly SC, Al-Ittihad Tripoli, Al-Madina SC","[32.859864, 13.1357922]"
231,Xinjiang Sports Centre Stadium,50000,East Asia,China,"Urumqi, Xinjiang",https://upload.wikimedia.org/wikipedia/commons/thumb/0/0a/No-image-available.png/480px-No-image-available.png,,"[41.5, 85.5]"
232,Kim Il-sung Stadium,50000,East Asia,North Korea,Pyongyang,https://upload.wikimedia.org/wikipedia/commons/thumb/3/39/North_Korea_v_Philippines%2C_8_October_2015_F.png/150px-North_Korea_v_Philippines%2C_8_October_2015_F.png,Pyongyang City Sports Club,"[39.0213846, 125.7527449]"
233,EDION Stadium Hiroshima,50000,East Asia,Japan,Hiroshima,https://upload.wikimedia.org/wikipedia/commons/thumb/3/3e/Big_Arch_Stadium_Panorama.jpg/150px-Big_Arch_Stadium_Panorama.jpg,Sanfrecce Hiroshima,"[34.440757241, 132.394324402]"
234,Pars Shiraz Stadium,50000,West Asia,Iran,Shiraz,https://upload.wikimedia.org/wikipedia/commons/thumb/b/be/Pars_Stadium_Photos_Image_6.jpg/150px-Pars_Stadium_Photos_Image_6.jpg,Fajr Sepasi Shiraz FC,"[29.61031, 52.53113]"
235,Stade du 26 mars,50000,Africa,Mali,Bamako,https://upload.wikimedia.org/wikipedia/commons/thumb/1/10/Stade_du_26-mars.png/150px-Stade_du_26-mars.png,Stade Malien,"[12.6080413, -7.9204749]"
236,Stade Abdoulaye Wade,50000,Africa,Senegal,Dakar,https://upload.wikimedia.org/wikipedia/commons/thumb/0/0a/No-image-available.png/480px-No-image-available.png,Senegal national football team,"[13.48333, -13.46667]"
237,Sultan Mizan Zainal Abidin Stadium,50000,Southeast Asia,Malaysia,Kuala Terengganu,https://upload.wikimedia.org/wikipedia/commons/thumb/0/00/Sultan_Mizan_Zainal_Abidin_Stadium_%28Night%29_2021.jpg/150px-Sultan_Mizan_Zainal_Abidin_Stadium_%28Night%29_2021.jpg,Terengganu FA,"[4.709944, 103.402189]"
238,Estadio Akron,49850,North America,Mexico,Guadalajara,https://upload.wikimedia.org/wikipedia/commons/thumb/f/f1/Omnilife_Stadium.png/150px-Omnilife_Stadium.png,C.D. Guadalajara,"[20.681705, -103.462415]"
239,Levy Mwanawasa Stadium,49800,Africa,Zambia,Lusaka,https://upload.wikimedia.org/wikipedia/commons/thumb/0/0a/No-image-available.png/480px-No-image-available.png,Zesco United,"[-12.9751395, 28.6115369]"
240,Fritz-Walter-Stadion,49780,Europe,Germany,Kaiserslautern,https://upload.wikimedia.org/wikipedia/commons/thumb/1/18/Kaiserslautern_18.JPG/150px-Kaiserslautern_18.JPG,1. FC Kaiserslautern,"[49.4352744, 7.7759955]"
241,Estadio José Amalfitani,49540,South America,Argentina,Buenos Aires,https://upload.wikimedia.org/wikipedia/commons/thumb/3/33/Argentina_A_vs_Inglaterra_A_02.JPG/150px-Argentina_A_vs_Inglaterra_A_02.JPG,CA Vélez Sársfield,"[-34.6353489, -58.5206805]"
242,Camille Chamoun Sports City Stadium,49500,West Asia,Lebanon,Beirut,https://upload.wikimedia.org/wikipedia/commons/thumb/a/a8/Camille_Chamoun_Sports_City_Stadium_2018_-_Beirut_derby_%28Nejmeh_fans%29.png/150px-Camille_Chamoun_Sports_City_Stadium_2018_-_Beirut_derby_%28Nejmeh_fans%29.png,"Lebanon national football team, Al Ahed FC, Al Ansar FC, Nejmeh SC","[33.8670775, 35.4949918]"
243,Miyagi Stadium,49133,East Asia,Japan,"Rifu, Miyagi",https://upload.wikimedia.org/wikipedia/commons/thumb/9/9b/MiyagiStadiumTrackField.jpg/150px-MiyagiStadiumTrackField.jpg,Vegalta Sendai,"[38.335427415, 140.95054136]"
244,Incheon Munhak Stadium,49084,East Asia,South Korea,Incheon,https://upload.wikimedia.org/wikipedia/commons/thumb/d/df/Munhak_Stadium_Corner.jpg/150px-Munhak_Stadium_Corner.jpg,,"[37.43366, 126.68462]"
245,Heinz-von-Heiden-Arena,49000,Europe,Germany,Hanover,https://upload.wikimedia.org/wikipedia/commons/thumb/9/9e/HDI_Arena%2C_WM_Stadion_2006.jpg/150px-HDI_Arena%2C_WM_Stadion_2006.jpg,Hannover 96,"[52.3598941, 9.7323415]"
246,Parc des Princes,48712,Europe,France,Paris,https://upload.wikimedia.org/wikipedia/commons/thumb/8/89/PSG-Nantes_Parc_des_Princes_05.jpg/150px-PSG-Nantes_Parc_des_Princes_05.jpg,Paris Saint-Germain,"[44.0856648, 4.8826444]"
247,Stadium of Light,48707,Europe,England,"Sunderland, Tyne and Wear",https://upload.wikimedia.org/wikipedia/commons/thumb/7/7d/Stadium_of_Light%2C_Sunderland_afc.jpg/150px-Stadium_of_Light%2C_Sunderland_afc.jpg,Sunderland AFC,"[54.914295, -1.388329]"
248,Estadio Nacional,48665,South America,Chile,Santiago,https://upload.wikimedia.org/wikipedia/commons/thumb/1/15/Adios_Matador.jpg/150px-Adios_Matador.jpg,"Chile national football team, CF Universidad de Chile","[-33.4644274, -70.6116632]"
249,Nelson Mandela Bay Stadium,48459,Africa,South Africa,"Port Elizabeth, Eastern Cape",https://upload.wikimedia.org/wikipedia/commons/thumb/9/9b/Nelson_Mandela_Stadium_in_Port_Elizabeth_%28cropped%29.jpg/150px-Nelson_Mandela_Stadium_in_Port_Elizabeth_%28cropped%29.jpg,Chippa United FC,"[-33.9384478, 25.6019335]"
250,Estadio Tomás Adolfo Ducó,48314,South America,Argentina,Buenos Aires,https://upload.wikimedia.org/wikipedia/commons/thumb/3/3c/Estadio_huracan_interior_tribuna_gcba.jpg/150px-Estadio_huracan_interior_tribuna_gcba.jpg,CA Huracán,"[-34.6434766, -58.3964978]"
251,Jinnah Sports Stadium,48200,South Asia,Pakistan,Islamabad,https://upload.wikimedia.org/wikipedia/commons/thumb/1/12/Jinnah_Sports_Stadium_track_and_field.jpg/150px-Jinnah_Sports_Stadium_track_and_field.jpg,Pakistan national football team,"[31.83148, 71.55627]"
252,Estadio Libertadores de América,48069,South America,Argentina,Avellaneda,https://upload.wikimedia.org/wikipedia/commons/thumb/b/b3/Estadio_Libertadores_de_America_2014.JPG/150px-Estadio_Libertadores_de_America_2014.JPG,Club Atlético Independiente,"[-34.6702729, -58.3710355]"
253,Free State Stadium,48000,Africa,South Africa,"Bloemfontein, Free State",https://upload.wikimedia.org/wikipedia/commons/thumb/9/9e/Free_State_Stadium1.jpg/150px-Free_State_Stadium1.jpg,"Bloemfontein Celtic, Toyota Cheetahs","[-29.1171564, 26.2079652]"
254,Nagai Stadium,47816,East Asia,Japan,Osaka,https://upload.wikimedia.org/wikipedia/commons/thumb/3/3e/Nagai_stadium20040717.jpg/150px-Nagai_stadium20040717.jpg,"Cerezo Osaka, NTT DoCoMo Red Hurricanes Osaka","[38.115946514, 140.031676603]"
255,Neo Química Arena,47605,South America,Brazil,"São Paulo, São Paulo",https://upload.wikimedia.org/wikipedia/commons/thumb/6/64/Corinthians_x_Gr%C3%AAmio_-_Brasileir%C3%A3o_2016.jpg/150px-Corinthians_x_Gr%C3%AAmio_-_Brasileir%C3%A3o_2016.jpg,Corinthians,"[-23.5453, -46.4742]"
256,Rogers Centre,47568,North America,Canada,"Toronto, Ontario",https://upload.wikimedia.org/wikipedia/commons/thumb/7/79/Toronto_-_ON_-_Rogers_Centre2.jpg/150px-Toronto_-_ON_-_Rogers_Centre2.jpg,"Toronto FC, Toronto Argonauts","[43.64145, -79.38914]"
257,Estadio Monumental,47347,South America,Chile,Santiago,https://upload.wikimedia.org/wikipedia/commons/thumb/0/0e/Estadio_Monumental_2009.jpg/150px-Estadio_Monumental_2009.jpg,Colo-Colo,"[-33.41644, -70.70722]"
258,Stadio Artemio Franchi,47282,Europe,Italy,Florence,https://upload.wikimedia.org/wikipedia/commons/thumb/a/aa/Soccer_in_Florence%2C_Italy%2C_2007.jpg/150px-Soccer_in_Florence%2C_Italy%2C_2007.jpg,ACF Fiorentina,"[43.32177, 11.326163]"
259,Estadio Ciudad de Lanús – Néstor Díaz Pérez,47027,South America,Argentina,Lanús,https://upload.wikimedia.org/wikipedia/commons/thumb/1/1e/Editat%C3%B3n_Club_Lan%C3%BAs_-_Instalaciones_%288%29.JPG/150px-Editat%C3%B3n_Club_Lan%C3%BAs_-_Instalaciones_%288%29.JPG,CA Lanús,"[-34.717712, -58.383859]"
260,Estadio Metropolitano Roberto Meléndez,46788,South America,Colombia,Barranquilla,https://upload.wikimedia.org/wikipedia/commons/thumb/b/b0/Estadio_Metropolitano_de_Baranquilla_2011.jpg/150px-Estadio_Metropolitano_de_Baranquilla_2011.jpg,"Colombia national football team, Atlético Junior","[10.9618264, -74.7961967]"
261,Estádio Olímpico Nilton Santos,46831,South America,Brazil,"Rio de Janeiro, Rio de Janeiro",https://upload.wikimedia.org/wikipedia/commons/thumb/a/a8/Est%C3%A1dio_Municipal_Jo%C3%A3o_Havelange_14072007.jpg/150px-Est%C3%A1dio_Municipal_Jo%C3%A3o_Havelange_14072007.jpg,Botafogo FR,"[-22.8177, -43.1855]"
262,Itaipava Arena Pernambuco,46154,South America,Brazil,"São Lourenço da Mata, Pernambuco",https://upload.wikimedia.org/wikipedia/commons/thumb/6/62/Panorama_of_Arena_Pernambuco.jpg/150px-Panorama_of_Arena_Pernambuco.jpg,Náutico,"[-8.0407644, -35.0091845]"
263,Arena MRV,46000,South America,Brazil,"Belo Horizonte, Minas Gerais",https://upload.wikimedia.org/wikipedia/commons/thumb/5/54/Arena_MRV_em_obras_vista_da_Via_Expressa_%28dezembro_de_2022%29.jpg/150px-Arena_MRV_em_obras_vista_da_Via_Expressa_%28dezembro_de_2022%29.jpg,C Atlético Mineiro,"[-9.9533, -67.8483]"
264,Estádio Paulo Constantino,45954,South America,Brazil,"Presidente Prudente, São Paulo",https://upload.wikimedia.org/wikipedia/commons/thumb/c/c0/Derby_Paulista_%28Corinthians-Palmeiras%29_Paulist%C3%A3o_2009.jpg/150px-Derby_Paulista_%28Corinthians-Palmeiras%29_Paulist%C3%A3o_2009.jpg,Grêmio Prudente,"[-22.0987722, -51.4163186]"
265,Estadio Atanasio Girardot,45739,South America,Colombia,Medellín,https://upload.wikimedia.org/wikipedia/commons/thumb/4/4a/Atanasio_Girardot_Stadium.jpg/150px-Atanasio_Girardot_Stadium.jpg,"Atlético Nacional, Independiente Medellín","[6.256672, -75.590374]"
266,Estadio Ramón Sánchez Pizjuán,45500,Europe,Spain,Seville,https://upload.wikimedia.org/wikipedia/commons/thumb/1/17/Sevilla2-1Lega20182.jpg/150px-Sevilla2-1Lega20182.jpg,Sevilla FC,"[37.3840861, -5.9715529]"
267,Adrar Stadium,45480,Africa,Morocco,Agadir,https://upload.wikimedia.org/wikipedia/commons/thumb/5/51/Stade-Adrar2019.png/150px-Stade-Adrar2019.png,Hassania Agadir,"[30.896699, -9.356601]"
268,Lukoil Arena,45360,Europe,Russia,Moscow,https://upload.wikimedia.org/wikipedia/commons/thumb/6/62/Match_veteranov_Spartaka_%2813%29.jpg/150px-Match_veteranov_Spartaka_%2813%29.jpg,Spartak Moscow,"[54.607392, 56.184276]"
269,Grand stade de Marrakech,45240,Africa,Morocco,Marrakesh,https://upload.wikimedia.org/wikipedia/commons/thumb/0/0d/Stade_de_marrakech.jpg/150px-Stade_de_marrakech.jpg,Kawkab Marrakech,"[31.7069912, -7.9803744]"
270,Mandela National Stadium,45202,Africa,Uganda,Kampala,https://upload.wikimedia.org/wikipedia/commons/thumb/3/3c/Mandela_National_Stadium%2C_Uganda.JPG/150px-Mandela_National_Stadium%2C_Uganda.JPG,Uganda national football team,"[0.3473756, 32.6579982]"
271,Tarczyński Arena Wrocław,45105,Europe,Poland,Wrocław,https://upload.wikimedia.org/wikipedia/commons/thumb/a/a3/Wroc%C5%82aw_Municipal_Stadium_-_Euro_2012_%28panorama%29.jpg/150px-Wroc%C5%82aw_Municipal_Stadium_-_Euro_2012_%28panorama%29.jpg,Śląsk Wrocław,"[51.0958, 16.9544]"
272,Kazan Arena,45105,Europe,Russia,Kazan,https://upload.wikimedia.org/wikipedia/commons/thumb/5/56/Poland_v._Colombia_%2842095441565%29.jpg/150px-Poland_v._Colombia_%2842095441565%29.jpg,Rubin Kazan,"[55.82099, 49.158378]"
273,Estadio Inca Garcilaso de la Vega,45056,South America,Peru,Cusco,https://upload.wikimedia.org/wikipedia/commons/thumb/1/10/Estadio_garcilaso_cienciano.jpg/150px-Estadio_garcilaso_cienciano.jpg,"CS Cienciano, Deportivo Garcilaso, Cusco FC","[-13.5248998, -71.9667138]"
274,Estádio da Machava,45000,Africa,Mozambique,Maputo,https://upload.wikimedia.org/wikipedia/commons/thumb/0/0a/No-image-available.png/480px-No-image-available.png,Mozambique national football team,"[-25.8937559, 32.4822108]"
275,Stadion Gelora Bung Tomo,45000,Southeast Asia,Indonesia,"Surabaya, East Java",https://upload.wikimedia.org/wikipedia/commons/thumb/0/0a/No-image-available.png/480px-No-image-available.png,Persebaya Surabaya,"[-7.2233059, 112.6227071]"
276,Stadion Harapan Banga,45000,Southeast Asia,Indonesia,"Banda Aceh, Aceh",https://upload.wikimedia.org/wikipedia/commons/thumb/0/0a/No-image-available.png/480px-No-image-available.png,"Persiraja, Aceh United","[5.522812, 95.3224126]"
277,Estadio General Pablo Rojas,45000,South America,Paraguay,Asunción,https://upload.wikimedia.org/wikipedia/commons/thumb/c/c4/Estadio_General_Pablo_Rojas.jpg/150px-Estadio_General_Pablo_Rojas.jpg,Club Cerro Porteño,"[-25.3235586, -57.6443787]"
278,Stade Mohammed V,45000,Africa,Morocco,Casablanca,https://upload.wikimedia.org/wikipedia/commons/thumb/7/70/Stade_Mohamed_V%2C_Casablanca.jpg/150px-Stade_Mohamed_V%2C_Casablanca.jpg,"Wydad, Raja","[33.5867608, -7.6448313]"
279,Latakia Sports City Stadium,45000,West Asia,Syria,Latakia,https://upload.wikimedia.org/wikipedia/commons/thumb/0/0a/No-image-available.png/480px-No-image-available.png,,"[35.55998, 35.74771]"
280,Zibo Sports Centre Stadium,45000,East Asia,China,"Zibo, Shandong",https://upload.wikimedia.org/wikipedia/commons/thumb/0/0a/No-image-available.png/480px-No-image-available.png,,"[36.79056, 118.06333]"
281,Weifang Sports Centre Stadium,45000,East Asia,China,"Weifang, Shandong",https://upload.wikimedia.org/wikipedia/commons/thumb/0/0a/No-image-available.png/480px-No-image-available.png,,"[36.71, 119.10194]"
282,Yantai Sports Park Stadium,45000,East Asia,China,"Yantai, Shandong",https://upload.wikimedia.org/wikipedia/commons/thumb/0/0a/No-image-available.png/480px-No-image-available.png,,"[42.7564046644, -82.4827796376]"
283,Stadium Tuanku Abdul Rahman,45000,Southeast Asia,Malaysia,Seremban,https://upload.wikimedia.org/wikipedia/commons/thumb/f/f5/Stadium_Tuanku_Abdul_Rahman%2C_Paroi.jpg/150px-Stadium_Tuanku_Abdul_Rahman%2C_Paroi.jpg,"ATM FA, Negeri Sembilan","[2.7265594, 101.9819418]"
284,Stade du Complexe sportif de Fès,45000,Africa,Morocco,Fes,https://upload.wikimedia.org/wikipedia/commons/thumb/1/1c/Complexe_sportif_de_F%C3%A8s.jpg/150px-Complexe_sportif_de_F%C3%A8s.jpg,"Wydad de Fès, Maghreb de Fès","[34.002843, -4.969308]"
285,Lagos National Stadium,45000,Africa,Nigeria,Lagos,https://upload.wikimedia.org/wikipedia/commons/thumb/0/0a/No-image-available.png/480px-No-image-available.png,Nigeria national football team,"[6.4973386, 3.3640767]"
286,Egyptian Army Stadium,45000,Africa,Egypt,Suez,https://upload.wikimedia.org/wikipedia/commons/thumb/0/0a/No-image-available.png/480px-No-image-available.png,,"[30.0793266506, 31.380224434]"
287,Toyota Stadium,45000,East Asia,Japan,"Toyota City, Aichi",https://upload.wikimedia.org/wikipedia/commons/thumb/5/58/JPNxGEO20180623_%283%29.jpg/150px-JPNxGEO20180623_%283%29.jpg,"Nagoya Grampus, Toyota Verblitz","[35.084653598, 137.170807077]"
288,Zayed Sports City Stadium,45000,West Asia,United Arab Emirates,Abu Dhabi,https://upload.wikimedia.org/wikipedia/commons/thumb/a/a7/Abu_Dhabi_Zayed_Sports_City_Stadium_2.jpg/150px-Abu_Dhabi_Zayed_Sports_City_Stadium_2.jpg,,"[24.415601, 54.452901]"
289,Red Bull Arena,44345,Europe,Germany,Leipzig,https://upload.wikimedia.org/wikipedia/commons/thumb/c/ca/Leipzig_stadium.jpg/150px-Leipzig_stadium.jpg,RB Leipzig,"[51.3458004, 12.3482795]"
290,Estádio Governador Alberto Tavares Silva,44200,South America,Brazil,Teresina,https://upload.wikimedia.org/wikipedia/commons/thumb/0/0a/No-image-available.png/480px-No-image-available.png,"River AC, EC Flamengo, Piauí EC, SE Tiradentes, Auto EC","[-5.111194, -42.787199]"
291,Estádio Universitário Pedro Pedrossian,44200,South America,Brazil,"Campo Grande, Mato Grosso do Sul",https://upload.wikimedia.org/wikipedia/commons/thumb/f/fa/0253l.jpg/150px-0253l.jpg,"EC Comercial, Operário FC","[-20.5053619, -54.5586127]"
292,Ulsan Munsu Football Stadium,44102,East Asia,South Korea,Ulsan,https://upload.wikimedia.org/wikipedia/commons/thumb/b/b2/Munsu_20121110_204310_5.jpg/150px-Munsu_20121110_204310_5.jpg,Ulsan HD FC,"[35.53722, 129.31667]"
293,Arena Pantanal,44097,South America,Brazil,"Cuiabá, Mato Grosso",https://upload.wikimedia.org/wikipedia/commons/thumb/1/1c/Arena_Pantanal.jpg/150px-Arena_Pantanal.jpg,"Cuiabá, Mixto EC","[-22.7448649, -43.3260203]"
294,Arena da Amazônia,44000,South America,Brazil,"Manaus, Amazonas",https://upload.wikimedia.org/wikipedia/commons/thumb/4/43/Arena_Amaz%C3%B4nia_Manaus.jpg/150px-Arena_Amaz%C3%B4nia_Manaus.jpg,Nacional FC,"[-3.13, -59.99]"
295,Suwon World Cup Stadium,43959,East Asia,South Korea,Suwon,https://upload.wikimedia.org/wikipedia/commons/thumb/2/2e/20121003_Suwon_vs_Seoul.jpg/150px-20121003_Suwon_vs_Seoul.jpg,Suwon Samsung Bluewings,"[37.29111, 127.00889]"
296,Stadion Utama Riau,43923,Southeast Asia,Indonesia,"Pekanbaru, Riau",https://upload.wikimedia.org/wikipedia/commons/thumb/4/4b/Riau_Main_Stadium_%28cropped%29.JPG/150px-Riau_Main_Stadium_%28cropped%29.JPG,PSPS Pekanbaru,"[0.4865754, 101.3912589]"
297,Allianz Parque,43713,South America,Brazil,"São Paulo, São Paulo",https://upload.wikimedia.org/wikipedia/commons/thumb/9/95/Imagens_da_Cidade_de_S%C3%A3o_Paulo_e_Zool%C3%B3gico_da_Capital_Paulista._%2847480340301%29.jpg/150px-Imagens_da_Cidade_de_S%C3%A3o_Paulo_e_Zool%C3%B3gico_da_Capital_Paulista._%2847480340301%29.jpg,SE Palmeiras,"[-23.5531, -46.5762]"
298,Shandong Provincial Stadium,43700,East Asia,China,"Jinan, Shandong",https://upload.wikimedia.org/wikipedia/commons/thumb/4/49/SHANGDONGSPORTS.jpg/150px-SHANGDONGSPORTS.jpg,,"[28.42878, 121.56459]"
299,Polsat Plus Arena Gdańsk,43615,Europe,Poland,Gdańsk,https://upload.wikimedia.org/wikipedia/commons/thumb/1/17/Gda%C5%84sk%2C_Stadion_PGE_Arena_-_fotopolska.eu_%28326975%29.jpg/150px-Gda%C5%84sk%2C_Stadion_PGE_Arena_-_fotopolska.eu_%28326975%29.jpg,Lechia Gdańsk,"[54.351887748, 18.646338873]"
300,Estadio Pedro Bidegain,43494,South America,Argentina,Buenos Aires,https://upload.wikimedia.org/wikipedia/commons/thumb/1/10/Platea_Este_Nuevo_Gasometro_1.jpg/150px-Platea_Este_Nuevo_Gasometro_1.jpg,CA San Lorenzo de Almagro,"[-34.652581, -58.441039]"
301,Stadion Miejski w Poznaniu,43269,Europe,Poland,Poznań,https://upload.wikimedia.org/wikipedia/commons/thumb/c/c0/Stadion_Miejski_w_Poznaniu_2013_panorama.jpg/150px-Stadion_Miejski_w_Poznaniu_2013_panorama.jpg,"Lech Poznań, Warta Poznań","[51.140202, 16.943379]"
302,Vasil Levski National Stadium,43230,Europe,Bulgaria,Sofia,https://upload.wikimedia.org/wikipedia/commons/thumb/9/93/Vasil_Levski_National_Stadium_2022.jpg/150px-Vasil_Levski_National_Stadium_2022.jpg,Bulgaria national football team,"[42.6875687, 23.3352531]"
303,Estadio Universidad San Marcos,43000,South America,Peru,Lima,https://upload.wikimedia.org/wikipedia/commons/thumb/0/06/Vista_estadios_san_marcos.jpg/150px-Vista_estadios_san_marcos.jpg,Deportivo Universidad San Marcos,"[-12.05118, -77.03031]"
304,Ullevi,43000,Europe,Sweden,Gothenburg,https://upload.wikimedia.org/wikipedia/commons/thumb/8/8d/Ullevi_stadium%2C_23_june_2018.png/150px-Ullevi_stadium%2C_23_june_2018.png,Sweden women's national football team,"[58.3829256, 15.1493827]"
305,Jinzhou Binhai Sports Centre Stadium,43000,East Asia,China,Jinzhou,https://upload.wikimedia.org/wikipedia/commons/thumb/0/0a/No-image-available.png/480px-No-image-available.png,,"[41.10778, 121.14167]"
306,Estadio General Santander,42901,South America,Colombia,Cúcuta,https://upload.wikimedia.org/wikipedia/commons/thumb/4/46/Cucuta704.jpg/150px-Cucuta704.jpg,Cúcuta Deportivo,"[7.89426, -72.50174]"
307,Villa Park,42682,Europe,England,"Birmingham, West Midlands",https://upload.wikimedia.org/wikipedia/commons/thumb/a/a1/Villa_Stadion_panorama_2016.jpg/150px-Villa_Stadion_panorama_2016.jpg,Aston Villa,"[53.276979, -1.2652]"
308,Perak Stadium,42500,Southeast Asia,Malaysia,Perak,https://upload.wikimedia.org/wikipedia/commons/thumb/d/dc/Perak_Stadium.JPG/150px-Perak_Stadium.JPG,Perak FA,"[4.6093668, 101.1034608]"
309,Jeonju World Cup Stadium,42477,East Asia,South Korea,Jeonju,https://upload.wikimedia.org/wikipedia/commons/thumb/7/72/%EC%A0%84%EC%A3%BC%EC%9B%94%EB%93%9C%EC%BB%B5%EA%B2%BD%EA%B8%B0%EC%9E%A5.jpg/150px-%EC%A0%84%EC%A3%BC%EC%9B%94%EB%93%9C%EC%BB%B5%EA%B2%BD%EA%B8%B0%EC%9E%A5.jpg,Jeonbuk Hyundai Motors FC,"[35.82194, 127.14889]"
310,Ligga Arena,42372,South America,Brazil,"Curitiba, Paraná",https://upload.wikimedia.org/wikipedia/commons/thumb/2/20/Arenadabaixada2.jpg/150px-Arenadabaixada2.jpg,Athletico Paranaense,"[-25.4283563, -49.2732515]"
311,Weserstadion,42358,Europe,Germany,Bremen,https://upload.wikimedia.org/wikipedia/commons/thumb/a/a6/Weserstadion_panorama.JPG/150px-Weserstadion_panorama.JPG,SV Werder Bremen,"[53.0634829, 8.8389963]"
312,Denka Big Swan Stadium,42300,East Asia,Japan,"Niigata, Niigata",https://upload.wikimedia.org/wikipedia/commons/thumb/f/ff/Bigswan080628.JPG/150px-Bigswan080628.JPG,Albirex Niigata,"[37.882518189, 139.059143381]"
313,Estadio Olimpico Metropolitano de Mérida,42200,South America,Venezuela,Mérida,https://upload.wikimedia.org/wikipedia/commons/thumb/1/1f/Metropolitanodemeridacopamerica.jpg/150px-Metropolitanodemeridacopamerica.jpg,Estudiantes de Mérida,"[8.5820448, -71.1812298]"
314,Daejeon World Cup Stadium,42176,East Asia,South Korea,Daejeon,https://upload.wikimedia.org/wikipedia/commons/thumb/7/76/Daejeon_World_Cup_Stadium.JPG/150px-Daejeon_World_Cup_Stadium.JPG,Daejeon Citizen,"[36.34913, 127.38493]"
315,Matmut ATLANTIQUE,42115,Europe,France,Bordeaux,https://upload.wikimedia.org/wikipedia/commons/thumb/7/7f/500px_photo_%28165733217%29.jpeg/150px-500px_photo_%28165733217%29.jpeg,FC Girondins de Bordeaux,"[44.8973214, -0.5625445]"
316,Helsingin Olympiastadion,42062,Europe,Finland,Helsinki,https://upload.wikimedia.org/wikipedia/commons/thumb/b/b3/Olympiastadion_2_2020-08-12.jpg/150px-Olympiastadion_2_2020-08-12.jpg,Finland national football team,"[60.1871025, 24.9285616]"
317,Estádio Serra Dourada,42000,South America,Brazil,"Goiânia, Goiás",https://upload.wikimedia.org/wikipedia/commons/thumb/5/5f/Serra_Dourada_Lotado.jpg/150px-Serra_Dourada_Lotado.jpg,"Goiás Esporte Clube, Vila Nova, Atlético Goianiense","[-16.697976, -49.2339611]"
318,Estadio Deportivo Cali,42000,South America,Colombia,Cali,https://upload.wikimedia.org/wikipedia/commons/thumb/9/9b/SportingCali12.png/150px-SportingCali12.png,Deportivo Cali,"[3.5216736, -76.4170218]"
319,Estadio Modelo Alberto Spencer,42000,South America,Ecuador,Guayaquil,https://upload.wikimedia.org/wikipedia/commons/thumb/b/bf/Estadio_Modelo_Lleno_2007_-_panoramio.jpg/150px-Estadio_Modelo_Lleno_2007_-_panoramio.jpg,"Club Sport Patria, Club Deportivo Everest, Panamá Sporting Club, Rocafuerte Fútbol Club","[-2.17895, -79.8943127]"
320,Estádio do Zimpeto,42000,Africa,Mozambique,Maputo,https://upload.wikimedia.org/wikipedia/commons/thumb/0/0a/No-image-available.png/480px-No-image-available.png,Mozambique national football team,"[-25.8250122, 32.5756836]"
321,Chengdu Sports Centre Stadium,42000,East Asia,China,"Chengdu, Sichuan",https://upload.wikimedia.org/wikipedia/commons/thumb/0/02/Chengdu_Sports_Center.JPG/150px-Chengdu_Sports_Center.JPG,,"[30.66667, 104.06667]"
322,Royal Bafokeng Stadium,42000,Africa,South Africa,"Phokeng, North West",https://upload.wikimedia.org/wikipedia/commons/thumb/6/67/Royal_Bafokeng_Stadium%2C_Phokeng.jpg/150px-Royal_Bafokeng_Stadium%2C_Phokeng.jpg,,"[-25.57863, 27.16067]"
323,Estadio Universitario,42000,North America,Mexico,San Nicolás de los Garza,https://upload.wikimedia.org/wikipedia/commons/thumb/0/07/Estadio_Universitario_Concachampions.jpg/150px-Estadio_Universitario_Concachampions.jpg,Tigres de la UANL,"[25.7224897, -100.311998]"
324,Estadio Brigadier General Estanislao López,42000,South America,Argentina,Santa Fe,https://upload.wikimedia.org/wikipedia/commons/thumb/5/59/Estadio_Brigadier_General_Estanislao_L%C3%B3pez_-_Col%C3%B3n_de_Santa_Fe.jpg/150px-Estadio_Brigadier_General_Estanislao_L%C3%B3pez_-_Col%C3%B3n_de_Santa_Fe.jpg,Club Atlético Colón,"[-31.663375, -60.725456]"
325,Estadio Marcelo Bielsa,42000,South America,Argentina,Rosario,https://upload.wikimedia.org/wikipedia/commons/thumb/2/23/Estadio_Marcelo_Bielsa.jpg/150px-Estadio_Marcelo_Bielsa.jpg,Newell's Old Boys,"[-32.956046, -60.6605298]"
326,Stade Geoffroy-Guichard,41965,Europe,France,Saint-Étienne,https://upload.wikimedia.org/wikipedia/commons/thumb/9/99/St_Etienne_Stade_Geoffroy_Guichard.jpg/150px-St_Etienne_Stade_Geoffroy_Guichard.jpg,AS Saint-Étienne,"[45.4607991, 4.3901284]"
327,Vodafone Park,41903,Europe,Turkey,Istanbul,https://upload.wikimedia.org/wikipedia/commons/thumb/9/94/Vodafone_Park_Panorama.jpg/150px-Vodafone_Park_Panorama.jpg,Beşiktaş J.K.,"[37.7610362, 27.7052443]"
328,Peter Mokaba Stadium,41733,Africa,South Africa,Polokwane,https://upload.wikimedia.org/wikipedia/commons/thumb/c/cd/Teams_are_warming_up_%284738980575%29.jpg/150px-Teams_are_warming_up_%284738980575%29.jpg,Polokwane City FC,"[-23.9235674, 29.472329]"
329,Estadio Gigante de Arroyito,41654,South America,Argentina,Rosario,https://upload.wikimedia.org/wikipedia/commons/thumb/6/66/Estadio_Gigante_de_Arroyito.jpg/150px-Estadio_Gigante_de_Arroyito.jpg,Rosario Central,"[-32.914, -60.6745]"
330,Estadio Cachamay,41600,South America,Venezuela,Ciudad Guayana,https://upload.wikimedia.org/wikipedia/en/thumb/a/a0/CTE_Chamay_Aereo_Cut.jpg/150px-CTE_Chamay_Aereo_Cut.jpg,"Atlético Club Mineros de Guayana, AC Minervén FC","[8.3125866, -62.6963717]"
331,Estadio de Liga Deportiva Universitaria,41596,South America,Ecuador,Quito,https://upload.wikimedia.org/wikipedia/commons/thumb/f/f6/Cl%C3%A1sico_Liga_de_Quito-Barcelona_de_Guayaquil.JPG/150px-Cl%C3%A1sico_Liga_de_Quito-Barcelona_de_Guayaquil.JPG,LDU,"[-0.20873, -78.48417]"
332,Allianz Stadium,41507,Europe,Italy,"Turin, Piedmont",https://upload.wikimedia.org/wikipedia/commons/thumb/0/0e/Juventus_Stadium_in_Turin_-_Champions_League_2013-14_-_Juventus_v_Real_Madrid.jpg/150px-Juventus_Stadium_in_Turin_-_Champions_League_2013-14_-_Juventus_v_Real_Madrid.jpg,Juventus FC,"[45.1092142, 7.6398933]"
333,Sapporo Dome,41484,East Asia,Japan,"Sapporo, Hokkaido",https://upload.wikimedia.org/wikipedia/commons/thumb/f/f1/Sapporo_Dome_001.jpeg/150px-Sapporo_Dome_001.jpeg,Hokkaido Consadole Sapporo,"[43.015159005, 141.409742599]"
334,Stamford Bridge,41663,Europe,England,London,https://upload.wikimedia.org/wikipedia/commons/thumb/b/b1/Stamford_Bridge%2C_Chelsea_vs_Nottingham_Forest%2C_5_January_2020.jpg/150px-Stamford_Bridge%2C_Chelsea_vs_Nottingham_Forest%2C_5_January_2020.jpg,Chelsea,"[53.991125939, -0.913725302]"
335,Goyang Stadium,41311,East Asia,South Korea,Goyang,https://upload.wikimedia.org/wikipedia/commons/thumb/e/e1/Goyang_sta_1.JPG/150px-Goyang_sta_1.JPG,,"[37.65639, 126.835]"
336,Estadio Hernando Siles,41143,South America,Bolivia,La Paz,https://upload.wikimedia.org/wikipedia/commons/thumb/9/9d/Hernando_Siles_Stadium_-_La_Paz.jpg/150px-Hernando_Siles_Stadium_-_La_Paz.jpg,"La Paz FC, Club Bolívar, The Strongest","[-16.499451, -68.122681]"
337,Bingu National Stadium,41100,Africa,Malawi,Lilongwe,https://upload.wikimedia.org/wikipedia/commons/thumb/e/ea/BINGU_NATIONAL_STADIUM.jpg/150px-BINGU_NATIONAL_STADIUM.jpg,"Flames, Big Bullets FC","[-15.7977333, 35.0265572]"
338,Mbombela Stadium,40929,Africa,South Africa,"Nelspruit, Mpumalanga",https://upload.wikimedia.org/wikipedia/commons/thumb/2/26/Mbombela_Stadium_arena.jpg/150px-Mbombela_Stadium_arena.jpg,,"[-25.4608253, 30.9298621]"
339,Estadio José Pachencho Romero,40800,South America,Venezuela,Maracaibo,https://upload.wikimedia.org/wikipedia/commons/thumb/3/38/JPPachenchoRomero-16.jpg/150px-JPPachenchoRomero-16.jpg,"Deportivo JBL del Zulia, Deportivo Rayo Zuliano","[10.67401, -71.64504]"
340,Stade Nelson Mandela,40784,Africa,Algeria,Algiers,https://upload.wikimedia.org/wikipedia/commons/thumb/1/12/Nelson_Mandela_Stadium.jpg/150px-Nelson_Mandela_Stadium.jpg,Algeria national football team,"[36.693444, 3.121436]"
341,Kashima Football Stadium,40728,East Asia,Japan,"Kashima, Ibaraki",https://upload.wikimedia.org/wikipedia/commons/thumb/b/bc/Kashima_Soccer_Stadium_5.jpg/150px-Kashima_Soccer_Stadium_5.jpg,Kashima Antlers,"[33.10388988, 130.09853841]"
342,Baba Yara Stadium,40528,Africa,Ghana,Kumasi,https://upload.wikimedia.org/wikipedia/commons/thumb/a/a3/Kumasi924.JPG/150px-Kumasi924.JPG,"Asante Kotoko, King Faisal Babes","[6.6840253, -1.6059949]"
343,Estádio Major Antônio Couto Pereira,40502,South America,Brazil,"Curitiba, Paraná",https://upload.wikimedia.org/wikipedia/commons/thumb/7/72/Est%C3%A1dio_Couto_Pereira.jpg/150px-Est%C3%A1dio_Couto_Pereira.jpg,Coritiba Foot Ball Club,"[-25.4207425, -49.2591581]"
344,Stage Front Stadium,40500,Europe,Spain,Barcelona,https://upload.wikimedia.org/wikipedia/commons/thumb/b/b6/Estadicornellaelprat_1.jpg/150px-Estadicornellaelprat_1.jpg,RCD Espanyol,"[43.3208483, -1.9598404]"
345,Estadio Metropolitano de fútbol de Lara,40312,South America,Venezuela,Barquisimeto,https://upload.wikimedia.org/wikipedia/commons/thumb/1/15/Estadio_Metropolitano_de_Lara.jpg/150px-Estadio_Metropolitano_de_Lara.jpg,Unión Lara,"[9.993814, -69.220325]"
346,Estadio Malvinas Argentinas,40268,South America,Argentina,Mendoza,https://upload.wikimedia.org/wikipedia/commons/thumb/7/7b/Estadio_Malvinas_Argentinas_2012.jpg/150px-Estadio_Malvinas_Argentinas_2012.jpg,Godoy Cruz Antonio Tomba,"[-32.8830064, -68.837313]"
347,Stadion Lukas Enembe,40263,Southeast Asia,Indonesia,Nolokla,https://upload.wikimedia.org/wikipedia/commons/thumb/8/87/Lukas_Enembe_Stadium.jpg/150px-Lukas_Enembe_Stadium.jpg,Persipura Jayapura,"[0.787154, 127.383604]"
348,Gwangju World Cup Stadium,40245,East Asia,South Korea,Gwangju,https://upload.wikimedia.org/wikipedia/commons/thumb/7/73/Gwangju_World_Cup_Stadium.jpg/150px-Gwangju_World_Cup_Stadium.jpg,Gwangju FC,"[35.15472, 126.91556]"
349,Sân vận động Quốc gia Mỹ Đình,40192,Southeast Asia,Vietnam,Hanoi,https://upload.wikimedia.org/wikipedia/commons/thumb/3/39/Kh%C3%A1n_%C4%91%C3%A0i_B_-_S%C3%A2n_v%E1%BA%ADn_%C4%91%E1%BB%99ng_Qu%E1%BB%91c_gia_M%E1%BB%B9_%C4%90%C3%ACnh.jpg/150px-Kh%C3%A1n_%C4%91%C3%A0i_B_-_S%C3%A2n_v%E1%BA%ADn_%C4%91%E1%BB%99ng_Qu%E1%BB%91c_gia_M%E1%BB%B9_%C4%90%C3%ACnh.jpg,Vietnam national football team,"[21.0204384, 105.763977]"
350,Goodison Park,40157,Europe,England,"Liverpool, North West",https://upload.wikimedia.org/wikipedia/commons/thumb/b/b9/Goodison_Park_August_2022.jpg/150px-Goodison_Park_August_2022.jpg,Everton FC,"[53.43883, -2.96639]"
351,Estádio Governador João Castelo,40149,South America,Brazil,"São Luís, Maranhão",https://upload.wikimedia.org/wikipedia/commons/thumb/d/d0/Est%C3%A1dio_Castel%C3%A3o_em_S%C3%A3o_Lu%C3%ADs%2C_Maranh%C3%A3o%2C_Brasil.jpg/150px-Est%C3%A1dio_Castel%C3%A3o_em_S%C3%A3o_Lu%C3%ADs%2C_Maranh%C3%A3o%2C_Brasil.jpg,"Sampaio Corrêa FC, Moto Club SL, Maranhão AC","[-2.2290091, -45.2960944]"
352,Stade Miloud-Hadefi,40143,Africa,Algeria,Oran,https://upload.wikimedia.org/wikipedia/commons/thumb/e/e5/Stade_de_Oran.jpg/150px-Stade_de_Oran.jpg,"Algeria national football team, MC Oran","[28.144113769, 2.679965933]"
353,Estadio Campeón del Siglo,40005,South America,Uruguay,Montevideo,https://upload.wikimedia.org/wikipedia/commons/thumb/8/87/Estadio_Campe%C3%B3n_del_Siglo_setiembre_2021.jpg/150px-Estadio_Campe%C3%B3n_del_Siglo_setiembre_2021.jpg,Club Atlético Peñarol,"[-34.796464, -56.067361]"
354,Metalist Stadium,40003,Europe,Ukraine,Kharkiv,https://upload.wikimedia.org/wikipedia/commons/thumb/8/84/Metalist_Stadium_Kharkiv.jpg/150px-Metalist_Stadium_Kharkiv.jpg,"FC Metalist Kharkiv, FC Shakhtar Donetsk","[49.98091, 36.26166]"
355,Al-Janoub Stadium,40000,West Asia,Qatar,Al-Wakrah,https://upload.wikimedia.org/wikipedia/commons/thumb/5/57/Visita_ao_est%C3%A1dio_de_futebol_Al_Janoub_1.jpg/150px-Visita_ao_est%C3%A1dio_de_futebol_Al_Janoub_1.jpg,,"[25.1606574, 51.5743367]"
356,Al-Thumama Stadium,40000,West Asia,Qatar,Al-Thumama,https://upload.wikimedia.org/wikipedia/en/thumb/d/d6/Al_Thumama_Stadium_%282%29.jpg/150px-Al_Thumama_Stadium_%282%29.jpg,,"[25.2351804, 51.5321446]"
357,Stade Ahmed-Zabana,40000,Africa,Algeria,Oran,https://upload.wikimedia.org/wikipedia/commons/thumb/6/6a/Stade_Ahmed_Zabana_2.jpg/150px-Stade_Ahmed_Zabana_2.jpg,MC Oran,"[36.7655909929, 3.0529137045]"
358,Stadion Batakan,40000,Southeast Asia,Indonesia,"Balikpapan, East Kalimantan",https://upload.wikimedia.org/wikipedia/commons/thumb/d/d8/2017-11-14_Batakan.jpg/150px-2017-11-14_Batakan.jpg,Persiba Balikpapan,"[-1.2331523, 116.94324]"
359,Stadion Gelora Joko Samudro,40000,Southeast Asia,Indonesia,"Gresik, East Java",https://upload.wikimedia.org/wikipedia/commons/thumb/4/48/Gelora_Joko_Samudro_Stadium_%282016%29.jpg/150px-Gelora_Joko_Samudro_Stadium_%282016%29.jpg,Gresik United,"[-7.184906, 112.649829]"
360,Fisht Olympic Stadium,40000,Europe,Russia,Sochi,https://upload.wikimedia.org/wikipedia/commons/thumb/e/e4/2017_Confederation_Cup_-_MEXNZL_-_Fisht.jpg/150px-2017_Confederation_Cup_-_MEXNZL_-_Fisht.jpg,,"[55.7158, 37.5536]"
361,Rentschler Field,40000,North America,United States,"East Hartford, Connecticut",https://upload.wikimedia.org/wikipedia/commons/thumb/c/cc/Rentschler_Field_2017.jpg/150px-Rentschler_Field_2017.jpg,,"[41.7596187, -72.6188393]"
362,Jawaharlal Nehru Stadium,40000,South Asia,India,Kochi,https://upload.wikimedia.org/wikipedia/commons/thumb/8/83/Jawaharlal_Nehru_Stadium_%28Kochi%29_in_2022.jpg/150px-Jawaharlal_Nehru_Stadium_%28Kochi%29_in_2022.jpg,"Kerala Blasters, India national football team","[9.9576168, 76.2511512]"
363,Hang Jebat Stadium,40000,Southeast Asia,Malaysia,Malacca,https://upload.wikimedia.org/wikipedia/commons/thumb/2/20/Stadium_Hang_Jebat_015342.jpg/150px-Stadium_Hang_Jebat_015342.jpg,Melaka United,"[2.2893567, 102.2328998]"
364,Hong Kong Stadium,40000,East Asia,Hong Kong,So Kon Po,https://upload.wikimedia.org/wikipedia/commons/thumb/d/db/Hong_Kong_Stadium-1.jpg/150px-Hong_Kong_Stadium-1.jpg,South China AA,"[22.2740198, 114.1885624]"
365,Stadium Negeri Pulau Pinang,40000,Southeast Asia,Malaysia,Batu Kawan,https://upload.wikimedia.org/wikipedia/commons/thumb/9/94/Batu_Kawan_Stadium%2CPenang.jpg/150px-Batu_Kawan_Stadium%2CPenang.jpg,Penang FA,"[5.2611532, 100.4375787]"
366,Accra Sports Stadium,40000,Africa,Ghana,Accra,https://upload.wikimedia.org/wikipedia/commons/thumb/0/0a/No-image-available.png/480px-No-image-available.png,"Accra Hearts of Oak SC, Great Olympics","[5.5511136, -0.1938414]"
367,Sarawak Stadium,40000,Southeast Asia,Malaysia,Kuching,https://upload.wikimedia.org/wikipedia/commons/thumb/0/07/Stadium_Sarawak.JPG/150px-Stadium_Sarawak.JPG,Sarawak FA,"[1.5876195, 110.3602481]"
368,Bogyoke Aung San Stadium,40000,Southeast Asia,Myanmar,Yangon,https://upload.wikimedia.org/wikipedia/commons/thumb/1/17/Aungsan_Stadium.jpg/150px-Aungsan_Stadium.jpg,Yangon United FC,"[16.9585498237, 96.0711547022]"
369,Resonac Dome Ōita,40000,East Asia,Japan,Ōita,https://upload.wikimedia.org/wikipedia/commons/thumb/1/17/%C5%8Cita_Stadium_2023-03.jpg/150px-%C5%8Cita_Stadium_2023-03.jpg,Ōita Trinita,"[37.67490263, 139.87798019]"
370,Stadium Darul Makmur,40000,Southeast Asia,Malaysia,Kuantan,https://upload.wikimedia.org/wikipedia/commons/thumb/d/d9/Stadium_Pahang.jpg/150px-Stadium_Pahang.jpg,Pahang FA,"[3.815056, 103.322996]"
371,Khalifa International Stadium,40000,West Asia,Qatar,Doha,https://upload.wikimedia.org/wikipedia/en/thumb/1/16/Khalifa_International_Stadium.jpg/150px-Khalifa_International_Stadium.jpg,Qatar national football team,"[25.2636431, 51.4468929]"
372,Stade de l’Amitié sino-gabonaise,40000,Africa,Gabon,Libreville,https://upload.wikimedia.org/wikipedia/commons/thumb/0/0a/No-image-available.png/480px-No-image-available.png,Gabon national football team,"[-0.623904059, 11.781759891]"
373,Peoples Football Stadium,40000,South Asia,Pakistan,Karachi,https://upload.wikimedia.org/wikipedia/commons/thumb/0/0a/No-image-available.png/480px-No-image-available.png,Pakistan national football team,"[30.314282999, 70.210103639]"
374,JRD Tata Sports Complex Stadium,40000,South Asia,India,Jamshedpur,https://upload.wikimedia.org/wikipedia/commons/thumb/4/4e/J.R.D._Tata_Stadium.jpg/150px-J.R.D._Tata_Stadium.jpg,"Jamshedpur FC, Tata Football Academy","[22.8063625, 86.1943609]"
375,Bao'an Stadium,40000,East Asia,China,"Shenzhen, Guangdong",https://upload.wikimedia.org/wikipedia/commons/thumb/9/91/Bao%27an_Stadium.jpg/150px-Bao%27an_Stadium.jpg,,"[22.54554, 114.0683]"
376,Kunming Tuodong Sports Centre Stadium,40000,East Asia,China,"Kunming, Yunnan",https://upload.wikimedia.org/wikipedia/commons/thumb/7/79/Kunming_07.JPG/150px-Kunming_07.JPG,China national football team,"[26.2426, 102.986]"
377,Taizhou Sports Centre Stadium,40000,East Asia,China,"Taizhou, Zhejiang",https://upload.wikimedia.org/wikipedia/commons/thumb/0/0a/No-image-available.png/480px-No-image-available.png,,"[28.85535, 121.1447]"
378,Wuhu Olympic Stadium,40000,East Asia,China,"Wuhu, Anhui",https://upload.wikimedia.org/wikipedia/commons/thumb/0/0a/No-image-available.png/480px-No-image-available.png,,"[31.33728, 118.37351]"
379,Huizhou Olympic Stadium,40000,East Asia,China,"Huizhou, Guangdong",https://upload.wikimedia.org/wikipedia/commons/thumb/0/0a/No-image-available.png/480px-No-image-available.png,,"[23.11147, 114.41523]"
